Workbook

Sheet Dashboard
A1: Month | B1: Total Rent | C1: Rent Change (YoY) | D1: Occupancy Rate (%) | E1: Occupancy Change (YoY) | F1: Total Bookings | G1: Bookings Change (YoY) | H1: Unbooked 24hr Slots | I1: Unbooked Day Slots | J1: Unbooked Night Slots
A2: 45261 | B2: 50100 | D2: 0.38235294 | F2: 18 | H2: 14 | I2: 0 | J2: 7
A3: 45292 | B3: 72600 | D3: 0.61904762 | F3: 19 | H3: 9 | I3: 2 | J3: 5
A4: 45323 | B4: 61100 | D4: 0.625 | F4: 21 | H4: 7 | I4: 0 | J4: 5
A5: 45352 | B5: 113450 | D5: 0.75 | F5: 23 | H5: 9 | I5: 0 | J5: 2
A6: 45383 | B6: 131300 | D6: 0.80392157 | F6: 26 | H6: 4 | I6: 1 | J6: 5
A7: 45413 | B7: 191000 | D7: 0.93220339 | F7: 32 | H7: 1 | I7: 0 | J7: 3
A8: 45444 | B8: 140200 | D8: 0.78723404 | F8: 26 | H8: 4 | I8: 0 | J8: 6
A9: 45474 | B9: 53500 | D9: 0.425 | F9: 19 | H9: 13 | I9: 0 | J9: 10
A10: 45505 | B10: 56900 | D10: 0.53846154 | F10: 23 | H10: 9 | I10: 0 | J10: 9
A11: 45536 | B11: 42200 | D11: 0.27777778 | F11: 20 | H11: 10 | I11: 1 | J11: 15
A12: 45566 | B12: 67000 | D12: 0.56756757 | F12: 21 | H12: 8 | I12: 1 | J12: 7
A13: 45597 | B13: 93400 | D13: 0.7173913 | F13: 29 | H13: 3 | I13: 0 | J13: 10
A14: 45627 | B14: 57200 | C14: 0.14171657 | D14: 0.5 | E14: 0.30769231 | F14: 21 | G14: 0.16666667 | H14: 9 | I14: 1 | J14: 10
A15: 45658 | B15: 73500 | C15: 0.012396694 | D15: 0.58695652 | E15: -0.051839465 | F15: 23 | G15: 0.21052632 | H15: 10 | I15: 0 | J15: 9
A16: 45689 | B16: 41000 | C16: -0.3289689 | D16: 0.39473684 | E16: -0.36842105 | F16: 16 | G16: -0.23809524 | H16: 13 | I16: 0 | J16: 10
A17: 45717 | B17: 128500 | C17: 0.13265756 | D17: 0.82978723 | E17: 0.10638298 | F17: 25 | G17: 0.086956522 | H17: 5 | I17: 0 | J17: 3
A18: 45748 | B18: 151400 | C18: 0.15308454 | D18: 0.83333333 | E18: 0.036585366 | F18: 27 | G18: 0.038461538 | H18: 3 | I18: 1 | J18: 5
A19: 45778 | B19: 172550 | C19: -0.096596859 | D19: 0.90909091 | E19: -0.024793388 | F19: 35 | G19: 0.09375 | H19: 1 | I19: 1 | J19: 3
A20: 45809 | B20: 106700 | C20: -0.23894437 | D20: 0.68 | E20: -0.13621622 | F20: 33 | G20: 0.26923077 | H20: 10 | I20: 1 | J20: 5
A21: 45839 | B21: 59500 | C21: 0.11214953 | D21: 0.51351351 | E21: 0.20826709 | F21: 22 | G21: 0.15789474 | H21: 8 | I21: 0 | J21: 10
A22: 45870 | B22: 76900 | C22: 0.35149385 | D22: 0.60377358 | E22: 0.1212938 | F22: 24 | G22: 0.043478261 | H22: 10 | I22: 0 | J22: 11
A23: 45901 | B23: 41600 | C23: -0.014218009 | D23: 0.33333333 | E23: 0.2 | F23: 20 | G23: 0 | H23: 12 | I23: 0 | J23: 8
A24: 45931 | B24: 85800 | C24: 0.28059701 | D24: 0.61702128 | E24: 0.087132725 | F24: 30 | G24: 0.42857143 | H24: 5 | I24: 2 | J24: 11
A25: 45962 | B25: 51200 | C25: -0.45182013 | D25: 0.47727273 | E25: -0.33471074 | F25: 18 | G25: -0.37931034 | H25: 13 | I25: 2 | J25: 8
... A33: 46204 | B33: 27500 | C33: -0.53781513 | D33: 0.35294118 | E33: -0.3126935 | F33: 7 | G33: -0.68181818 | H33: 9 | I33: 0 | J33: 2

Sheet Festival_List
A1: Date | B1: Festival
A2: 44927 | B2: New Year
A3: 44940 | B3: Makar Sankranti
A4: 44941 | B4: Vasi Uttarayan
A5: 44952 | B5: Republic Day
A6: 44975 | B6: Maha Shivratri
A7: 44993 | B7: Holi
A8: 44994 | B8: Dhuleti
A9: 45015 | B9: Ram Navami
A10: 45020 | B10: Mahavir Jayanti
A11: 45023 | B11: Good Friday
A12: 45038 | B12: Eid-ul-Fitr
A13: 45051 | B13: Buddha Purnima
... A90: 46387 | B90: New Year's Eve

Sheet Raw Event Data
A1: Event ID | B1: Title | C1: Description | D1: Start Date | E1: Start Time | F1: End Date | G1: End Time | H1: Last Updated | I1: Extracted Rent | J1: vacation time | K1: festival | L1: duration | M1: Weekend | N1: season | O1: Booking_Category | P1: Day of Week | Q1: Month Number | R1: Quarter
A2: 650702B8-0D30-40EC-8591-6A0B4E419EBB | B2: Farm Booked | C2: Rent: ₹3500 | D2: 45261 | E2: 0.79166667 | F2: 45262 | G2: 0.75 | H2: 45745.401 | I2: 3500 | J2: =IF(AND(D2>=DATE(YEAR(D2),3,15),D2<=DATE(YEAR(D2),6,10)),1,0) -> 0 | K2: =VLOOKUP(D2,Festival_List!$A$2:$B$100,2,0) -> #N/A | L2: =ROUND(((F2+G2)-(D2+E2))*24,0) -> 23 | M2: =IF(OR(WEEKDAY(D2)=1,WEEKDAY(D2)=7),1,0) -> 0 | N2: =IF(AND(MONTH(D2)>=3,MONTH(D2)<=6),"Summer",IF(AND(MONTH(D2)>=7,MONTH(D2)<=9),"Monsoon","Winter")) -> Winter | O2: =IF(AND(L2>=22,L2<=25,E2>=TIME(18,0,0)),"24H Night", IF(AND(L2>=22,L2<=25,E2<TIME(18,0,0)),"24H Day", IF(AND(L2>=11,L2<=13,E2>=TIME(18,0,0)),"12H Night", IF(AND(L2>=11,L2<=13,E2<TIME(18,0,0)),"12H Day", IF(AND(L2<10,E2>=TIME(18,0,0)),"Couple Night", "Couple Day"))))) -> 24H Night | P2: =WEEKDAY(D2,2) -> 5 | Q2: =MONTH(D2) -> 12 | R2: ="Q"&ROUNDUP(MONTH(D2)/3,0) -> Q4
A3: 258FCFFE-201C-49F3-97DC-4986C6199422 | B3: Farm Booked | C3: Rent: ₹4800 | D3: 45262 | E3: 0.79166667 | F3: 45263 | G3: 0.75 | H3: 45745.401 | I3: 4800 | J3: =IF(AND(D3>=DATE(YEAR(D3),3,15),D3<=DATE(YEAR(D3),6,10)),1,0) -> 0 | K3: =VLOOKUP(D3,Festival_List!$A$2:$B$100,2,0) -> #N/A | L3: =ROUND(((F3+G3)-(D3+E3))*24,0) -> 23 | M3: =IF(OR(WEEKDAY(D3)=1,WEEKDAY(D3)=7),1,0) -> 1 | N3: =IF(AND(MONTH(D3)>=3,MONTH(D3)<=6),"Summer",IF(AND(MONTH(D3)>=7,MONTH(D3)<=9),"Monsoon","Winter")) -> Winter | O3: =IF(AND(L3>=22,L3<=25,E3>=TIME(18,0,0)),"24H Night", IF(AND(L3>=22,L3<=25,E3<TIME(18,0,0)),"24H Day", IF(AND(L3>=11,L3<=13,E3>=TIME(18,0,0)),"12H Night", IF(AND(L3>=11,L3<=13,E3<TIME(18,0,0)),"12H Day", IF(AND(L3<10,E3>=TIME(18,0,0)),"Couple Night", "Couple Day"))))) -> 24H Night | P3: =WEEKDAY(D3,2) -> 6 | Q3: =MONTH(D3) -> 12 | R3: ="Q"&ROUNDUP(MONTH(D3)/3,0) -> Q4
A4: B056A138-309B-47E4-BD7F-4AD7403DDC3B | B4: Farm Booked | C4: Rent: 2000 | D4: 45264 | E4: 0.375 | F4: 45264 | G4: 0.66666667 | H4: 45725.466 | I4: 2000 | J4: =IF(AND(D4>=DATE(YEAR(D4),3,15),D4<=DATE(YEAR(D4),6,10)),1,0) -> 0 | K4: =VLOOKUP(D4,Festival_List!$A$2:$B$100,2,0) -> #N/A | L4: =ROUND(((F4+G4)-(D4+E4))*24,0) -> 7 | M4: =IF(OR(WEEKDAY(D4)=1,WEEKDAY(D4)=7),1,0) -> 0 | N4: =IF(AND(MONTH(D4)>=3,MONTH(D4)<=6),"Summer",IF(AND(MONTH(D4)>=7,MONTH(D4)<=9),"Monsoon","Winter")) -> Winter | O4: =IF(AND(L4>=22,L4<=25,E4>=TIME(18,0,0)),"24H Night", IF(AND(L4>=22,L4<=25,E4<TIME(18,0,0)),"24H Day", IF(AND(L4>=11,L4<=13,E4>=TIME(18,0,0)),"12H Night", IF(AND(L4>=11,L4<=13,E4<TIME(18,0,0)),"12H Day", IF(AND(L4<10,E4>=TIME(18,0,0)),"Couple Night", "Couple Day"))))) -> Couple Day | P4: =WEEKDAY(D4,2) -> 1 | Q4: =MONTH(D4) -> 12 | R4: ="Q"&ROUNDUP(MONTH(D4)/3,0) -> Q4
A5: 5C19569C-8322-4BDD-88C5-3657B4C76C67 | B5: Farm Booked | C5: Rent: 5000 | D5: 45269 | E5: 0.79166667 | F5: 45270 | G5: 0.75 | H5: 45745.401 | I5: 5000 | J5: =IF(AND(D5>=DATE(YEAR(D5),3,15),D5<=DATE(YEAR(D5),6,10)),1,0) -> 0 | K5: =VLOOKUP(D5,Festival_List!$A$2:$B$100,2,0) -> #N/A | L5: =ROUND(((F5+G5)-(D5+E5))*24,0) -> 23 | M5: =IF(OR(WEEKDAY(D5)=1,WEEKDAY(D5)=7),1,0) -> 1 | N5: =IF(AND(MONTH(D5)>=3,MONTH(D5)<=6),"Summer",IF(AND(MONTH(D5)>=7,MONTH(D5)<=9),"Monsoon","Winter")) -> Winter | O5: =IF(AND(L5>=22,L5<=25,E5>=TIME(18,0,0)),"24H Night", IF(AND(L5>=22,L5<=25,E5<TIME(18,0,0)),"24H Day", IF(AND(L5>=11,L5<=13,E5>=TIME(18,0,0)),"12H Night", IF(AND(L5>=11,L5<=13,E5<TIME(18,0,0)),"12H Day", IF(AND(L5<10,E5>=TIME(18,0,0)),"Couple Night", "Couple Day"))))) -> 24H Night | P5: =WEEKDAY(D5,2) -> 6 | Q5: =MONTH(D5) -> 12 | R5: ="Q"&ROUNDUP(MONTH(D5)/3,0) -> Q4
A6: 262A5BB9-AB9A-430A-847A-08EA1B35B090 | B6: Farm Booked | C6: Rent: 2800 | D6: 45272 | E6: 0.25 | F6: 45272 | G6: 0.75 | H6: 45725.466 | I6: 2800 | J6: =IF(AND(D6>=DATE(YEAR(D6),3,15),D6<=DATE(YEAR(D6),6,10)),1,0) -> 0 | K6: =VLOOKUP(D6,Festival_List!$A$2:$B$100,2,0) -> #N/A | L6: =ROUND(((F6+G6)-(D6+E6))*24,0) -> 12 | M6: =IF(OR(WEEKDAY(D6)=1,WEEKDAY(D6)=7),1,0) -> 0 | N6: =IF(AND(MONTH(D6)>=3,MONTH(D6)<=6),"Summer",IF(AND(MONTH(D6)>=7,MONTH(D6)<=9),"Monsoon","Winter")) -> Winter | O6: =IF(AND(L6>=22,L6<=25,E6>=TIME(18,0,0)),"24H Night", IF(AND(L6>=22,L6<=25,E6<TIME(18,0,0)),"24H Day", IF(AND(L6>=11,L6<=13,E6>=TIME(18,0,0)),"12H Night", IF(AND(L6>=11,L6<=13,E6<TIME(18,0,0)),"12H Day", IF(AND(L6<10,E6>=TIME(18,0,0)),"Couple Night", "Couple Day"))))) -> 12H Day | P6: =WEEKDAY(D6,2) -> 2 | Q6: =MONTH(D6) -> 12 | R6: ="Q"&ROUNDUP(MONTH(D6)/3,0) -> Q4
A7: 4F0AD433-C7B3-41BE-A13B-B817FD39F27C | B7: Farm Booked | C7: Rent: 2000 | D7: 45274 | E7: 0.375 | F7: 45274 | G7: 0.70833333 | H7: 45725.467 | I7: 2000 | J7: =IF(AND(D7>=DATE(YEAR(D7),3,15),D7<=DATE(YEAR(D7),6,10)),1,0) -> 0 | K7: =VLOOKUP(D7,Festival_List!$A$2:$B$100,2,0) -> #N/A | L7: =ROUND(((F7+G7)-(D7+E7))*24,0) -> 8 | M7: =IF(OR(WEEKDAY(D7)=1,WEEKDAY(D7)=7),1,0) -> 0 | N7: =IF(AND(MONTH(D7)>=3,MONTH(D7)<=6),"Summer",IF(AND(MONTH(D7)>=7,MONTH(D7)<=9),"Monsoon","Winter")) -> Winter | O7: =IF(AND(L7>=22,L7<=25,E7>=TIME(18,0,0)),"24H Night", IF(AND(L7>=22,L7<=25,E7<TIME(18,0,0)),"24H Day", IF(AND(L7>=11,L7<=13,E7>=TIME(18,0,0)),"12H Night", IF(AND(L7>=11,L7<=13,E7<TIME(18,0,0)),"12H Day", IF(AND(L7<10,E7>=TIME(18,0,0)),"Couple Night", "Couple Day"))))) -> Couple Day | P7: =WEEKDAY(D7,2) -> 4 | Q7: =MONTH(D7) -> 12 | R7: ="Q"&ROUNDUP(MONTH(D7)/3,0) -> Q4
A8: 4ED4DF48-C6FB-4850-B560-1834D59A8A32 | B8: Farm Booked | C8: Rent: 1200 | D8: 45275 | E8: 0.375 | F8: 45275 | G8: 0.70833333 | H8: 45725.467 | I8: 1200 | J8: =IF(AND(D8>=DATE(YEAR(D8),3,15),D8<=DATE(YEAR(D8),6,10)),1,0) -> 0 | K8: =VLOOKUP(D8,Festival_List!$A$2:$B$100,2,0) -> #N/A | L8: =ROUND(((F8+G8)-(D8+E8))*24,0) -> 8 | M8: =IF(OR(WEEKDAY(D8)=1,WEEKDAY(D8)=7),1,0) -> 0 | N8: =IF(AND(MONTH(D8)>=3,MONTH(D8)<=6),"Summer",IF(AND(MONTH(D8)>=7,MONTH(D8)<=9),"Monsoon","Winter")) -> Winter | O8: =IF(AND(L8>=22,L8<=25,E8>=TIME(18,0,0)),"24H Night", IF(AND(L8>=22,L8<=25,E8<TIME(18,0,0)),"24H Day", IF(AND(L8>=11,L8<=13,E8>=TIME(18,0,0)),"12H Night", IF(AND(L8>=11,L8<=13,E8<TIME(18,0,0)),"12H Day", IF(AND(L8<10,E8>=TIME(18,0,0)),"Couple Night", "Couple Day"))))) -> Couple Day | P8: =WEEKDAY(D8,2) -> 5 | Q8: =MONTH(D8) -> 12 | R8: ="Q"&ROUNDUP(MONTH(D8)/3,0) -> Q4
A9: CF2DAAD3-F27E-433E-A804-713D3EE6DCD0 | B9: Farm Booked | C9: Rent: 2000 | D9: 45278 | E9: 0.33333333 | F9: 45278 | G9: 0.66666667 | H9: 45725.467 | I9: 2000 | J9: =IF(AND(D9>=DATE(YEAR(D9),3,15),D9<=DATE(YEAR(D9),6,10)),1,0) -> 0 | K9: =VLOOKUP(D9,Festival_List!$A$2:$B$100,2,0) -> #N/A | L9: =ROUND(((F9+G9)-(D9+E9))*24,0) -> 8 | M9: =IF(OR(WEEKDAY(D9)=1,WEEKDAY(D9)=7),1,0) -> 0 | N9: =IF(AND(MONTH(D9)>=3,MONTH(D9)<=6),"Summer",IF(AND(MONTH(D9)>=7,MONTH(D9)<=9),"Monsoon","Winter")) -> Winter | O9: =IF(AND(L9>=22,L9<=25,E9>=TIME(18,0,0)),"24H Night", IF(AND(L9>=22,L9<=25,E9<TIME(18,0,0)),"24H Day", IF(AND(L9>=11,L9<=13,E9>=TIME(18,0,0)),"12H Night", IF(AND(L9>=11,L9<=13,E9<TIME(18,0,0)),"12H Day", IF(AND(L9<10,E9>=TIME(18,0,0)),"Couple Night", "Couple Day"))))) -> Couple Day | P9: =WEEKDAY(D9,2) -> 1 | Q9: =MONTH(D9) -> 12 | R9: ="Q"&ROUNDUP(MONTH(D9)/3,0) -> Q4
A10: 5960F9EB-8EAC-4048-A3B5-3D593CEF99A4 | B10: Farm booked | C10: Rent: 2500 only room | D10: 45278 | E10: 0.79166667 | F10: 45279 | G10: 0.25 | H10: 45745.404 | I10: 2500 | J10: =IF(AND(D10>=DATE(YEAR(D10),3,15),D10<=DATE(YEAR(D10),6,10)),1,0) -> 0 | K10: =VLOOKUP(D10,Festival_List!$A$2:$B$100,2,0) -> #N/A | L10: =ROUND(((F10+G10)-(D10+E10))*24,0) -> 11 | M10: =IF(OR(WEEKDAY(D10)=1,WEEKDAY(D10)=7),1,0) -> 0 | N10: =IF(AND(MONTH(D10)>=3,MONTH(D10)<=6),"Summer",IF(AND(MONTH(D10)>=7,MONTH(D10)<=9),"Monsoon","Winter")) -> Winter | O10: =IF(AND(L10>=22,L10<=25,E10>=TIME(18,0,0)),"24H Night", IF(AND(L10>=22,L10<=25,E10<TIME(18,0,0)),"24H Day", IF(AND(L10>=11,L10<=13,E10>=TIME(18,0,0)),"12H Night", IF(AND(L10>=11,L10<=13,E10<TIME(18,0,0)),"12H Day", IF(AND(L10<10,E10>=TIME(18,0,0)),"Couple Night", "Couple Day"))))) -> 12H Night | P10: =WEEKDAY(D10,2) -> 1 | Q10: =MONTH(D10) -> 12 | R10: ="Q"&ROUNDUP(MONTH(D10)/3,0) -> Q4
A11: BBF795B4-5F70-4A56-B1C1-2A1ABFEF017D | B11: Farm Booked | C11: Rent: 2700 | D11: 45280 | E11: 0.45833333 | F11: 45280 | G11: 0.875 | H11: 45725.467 | I11: 2700 | J11: =IF(AND(D11>=DATE(YEAR(D11),3,15),D11<=DATE(YEAR(D11),6,10)),1,0) -> 0 | K11: =VLOOKUP(D11,Festival_List!$A$2:$B$100,2,0) -> #N/A | L11: =ROUND(((F11+G11)-(D11+E11))*24,0) -> 10 | M11: =IF(OR(WEEKDAY(D11)=1,WEEKDAY(D11)=7),1,0) -> 0 | N11: =IF(AND(MONTH(D11)>=3,MONTH(D11)<=6),"Summer",IF(AND(MONTH(D11)>=7,MONTH(D11)<=9),"Monsoon","Winter")) -> Winter | O11: =IF(AND(L11>=22,L11<=25,E11>=TIME(18,0,0)),"24H Night", IF(AND(L11>=22,L11<=25,E11<TIME(18,0,0)),"24H Day", IF(AND(L11>=11,L11<=13,E11>=TIME(18,0,0)),"12H Night", IF(AND(L11>=11,L11<=13,E11<TIME(18,0,0)),"12H Day", IF(AND(L11<10,E11>=TIME(18,0,0)),"Couple Night", "Couple Day"))))) -> Couple Day | P11: =WEEKDAY(D11,2) -> 3 | Q11: =MONTH(D11) -> 12 | R11: ="Q"&ROUNDUP(MONTH(D11)/3,0) -> Q4
A12: BF0119DC-33C7-49F8-913B-756F62D93A1A | B12: Farm Booked | C12: Rent: 3300 room + kitchen | D12: 45281 | E12: 0.41666667 | F12: 45281 | G12: 0.91666667 | H12: 45725.467 | I12: 3300 | J12: =IF(AND(D12>=DATE(YEAR(D12),3,15),D12<=DATE(YEAR(D12),6,10)),1,0) -> 0 | K12: =VLOOKUP(D12,Festival_List!$A$2:$B$100,2,0) -> #N/A | L12: =ROUND(((F12+G12)-(D12+E12))*24,0) -> 12 | M12: =IF(OR(WEEKDAY(D12)=1,WEEKDAY(D12)=7),1,0) -> 0 | N12: =IF(AND(MONTH(D12)>=3,MONTH(D12)<=6),"Summer",IF(AND(MONTH(D12)>=7,MONTH(D12)<=9),"Monsoon","Winter")) -> Winter | O12: =IF(AND(L12>=22,L12<=25,E12>=TIME(18,0,0)),"24H Night", IF(AND(L12>=22,L12<=25,E12<TIME(18,0,0)),"24H Day", IF(AND(L12>=11,L12<=13,E12>=TIME(18,0,0)),"12H Night", IF(AND(L12>=11,L12<=13,E12<TIME(18,0,0)),"12H Day", IF(AND(L12<10,E12>=TIME(18,0,0)),"Couple Night", "Couple Day"))))) -> 12H Day | P12: =WEEKDAY(D12,2) -> 4 | Q12: =MONTH(D12) -> 12 | R12: ="Q"&ROUNDUP(MONTH(D12)/3,0) -> Q4
A13: ADAEFA30-EE34-44F8-ABC5-230C8A335F4B | B13: Farm booked | C13: Rent: 2000 | D13: 45282 | E13: 0.375 | F13: 45282 | G13: 0.75 | H13: 45725.468 | I13: 2000 | J13: =IF(AND(D13>=DATE(YEAR(D13),3,15),D13<=DATE(YEAR(D13),6,10)),1,0) -> 0 | K13: =VLOOKUP(D13,Festival_List!$A$2:$B$100,2,0) -> #N/A | L13: =ROUND(((F13+G13)-(D13+E13))*24,0) -> 9 | M13: =IF(OR(WEEKDAY(D13)=1,WEEKDAY(D13)=7),1,0) -> 0 | N13: =IF(AND(MONTH(D13)>=3,MONTH(D13)<=6),"Summer",IF(AND(MONTH(D13)>=7,MONTH(D13)<=9),"Monsoon","Winter")) -> Winter | O13: =IF(AND(L13>=22,L13<=25,E13>=TIME(18,0,0)),"24H Night", IF(AND(L13>=22,L13<=25,E13<TIME(18,0,0)),"24H Day", IF(AND(L13>=11,L13<=13,E13>=TIME(18,0,0)),"12H Night", IF(AND(L13>=11,L13<=13,E13<TIME(18,0,0)),"12H Day", IF(AND(L13<10,E13>=TIME(18,0,0)),"Couple Night", "Couple Day"))))) -> Couple Day | P13: =WEEKDAY(D13,2) -> 5 | Q13: =MONTH(D13) -> 12 | R13: ="Q"&ROUNDUP(MONTH(D13)/3,0) -> Q4
... A426: 928B191D-53F8-4FAD-AA3A-6FD3D09EC351 | B426: Booked by Ghanshyambhai nasit | C426: ₹2000 advance received 20 Persons Max Rent: ₹5000 Deposit: ₹2000 | D426: 45809 | E426: 0.79166667 | F426: 45810 | G426: 0.75 | H426: 45829.056 | I426: 5000 | J426: =IF(AND(D426>=DATE(YEAR(D426),3,15),D426<=DATE(YEAR(D426),6,10)),1,0) -> 1 | K426: =VLOOKUP(D426,Festival_List!$A$2:$B$100,2,0) -> #N/A | L426: =ROUND(((F426+G426)-(D426+E426))*24,0) -> 23 | M426: =IF(OR(WEEKDAY(D426)=1,WEEKDAY(D426)=7),1,0) -> 1 | N426: =IF(AND(MONTH(D426)>=3,MONTH(D426)<=6),"Summer",IF(AND(MONTH(D426)>=7,MONTH(D426)<=9),"Monsoon","Winter")) -> Summer | O426: =IF(AND(L426>=22,L426<=25,E426>=TIME(18,0,0)),"24H Night", IF(AND(L426>=22,L426<=25,E426<TIME(18,0,0)),"24H Day", IF(AND(L426>=11,L426<=13,E426>=TIME(18,0,0)),"12H Night", IF(AND(L426>=11,L426<=13,E426<TIME(18,0,0)),"12H Day", IF(AND(L426<10,E426>=TIME(18,0,0)),"Couple Night", "Couple Day"))))) -> 24H Night | P426: =WEEKDAY(D426,2) -> 7 | Q426: =MONTH(D426) -> 6 | R426: ="Q"&ROUNDUP(MONTH(D426)/3,0) -> Q2
A427: 15F23694-642B-45D8-9FDA-F03635B06AE5 | B427: Call with Chet | D427: 45809 | E427: 0.875 | F427: 45809 | G427: 0.91666667 | H427: 45829.056 | I427: 0 | J427: =IF(AND(D427>=DATE(YEAR(D427),3,15),D427<=DATE(YEAR(D427),6,10)),1,0) -> 1 | K427: =VLOOKUP(D427,Festival_List!$A$2:$B$100,2,0) -> #N/A | L427: =ROUND(((F427+G427)-(D427+E427))*24,0) -> 1 | M427: =IF(OR(WEEKDAY(D427)=1,WEEKDAY(D427)=7),1,0) -> 1 | N427: =IF(AND(MONTH(D427)>=3,MONTH(D427)<=6),"Summer",IF(AND(MONTH(D427)>=7,MONTH(D427)<=9),"Monsoon","Winter")) -> Summer | O427: =IF(AND(L427>=22,L427<=25,E427>=TIME(18,0,0)),"24H Night", IF(AND(L427>=22,L427<=25,E427<TIME(18,0,0)),"24H Day", IF(AND(L427>=11,L427<=13,E427>=TIME(18,0,0)),"12H Night", IF(AND(L427>=11,L427<=13,E427<TIME(18,0,0)),"12H Day", IF(AND(L427<10,E427>=TIME(18,0,0)),"Couple Night", "Couple Day"))))) -> Couple Night | P427: =WEEKDAY(D427,2) -> 7 | Q427: =MONTH(D427) -> 6 | R427: ="Q"&ROUNDUP(MONTH(D427)/3,0) -> Q2
A428: 20D24993-14B8-4E99-90BF-6A770DF30267 | B428: Booked by Mukesh aditya | C428: Booking confirmed ✅ ₹2000 advance received Farm number 11 15 Persons Max Rent: ₹5500 Deposit: ₹2000 Deposit Refund after check out. | D428: 45810 | E428: 0.79166667 | F428: 45811 | G428: 0.75 | H428: 45803.711 | I428: 5500 | J428: =IF(AND(D428>=DATE(YEAR(D428),3,15),D428<=DATE(YEAR(D428),6,10)),1,0) -> 1 | K428: =VLOOKUP(D428,Festival_List!$A$2:$B$100,2,0) -> #N/A | L428: =ROUND(((F428+G428)-(D428+E428))*24,0) -> 23 | M428: =IF(OR(WEEKDAY(D428)=1,WEEKDAY(D428)=7),1,0) -> 0 | N428: =IF(AND(MONTH(D428)>=3,MONTH(D428)<=6),"Summer",IF(AND(MONTH(D428)>=7,MONTH(D428)<=9),"Monsoon","Winter")) -> Summer | O428: =IF(AND(L428>=22,L428<=25,E428>=TIME(18,0,0)),"24H Night", IF(AND(L428>=22,L428<=25,E428<TIME(18,0,0)),"24H Day", IF(AND(L428>=11,L428<=13,E428>=TIME(18,0,0)),"12H Night", IF(AND(L428>=11,L428<=13,E428<TIME(18,0,0)),"12H Day", IF(AND(L428<10,E428>=TIME(18,0,0)),"Couple Night", "Couple Day"))))) -> 24H Night | P428: =WEEKDAY(D428,2) -> 1 | Q428: =MONTH(D428) -> 6 | R428: ="Q"&ROUNDUP(MONTH(D428)/3,0) -> Q2
A429: D083813E-4D89-4B97-922E-C5410912D824 | B429: Booked by Deep vadi | C429: ₹1000 advance received 2 Persons Max Rent: ₹3000 Deposit: ₹500 | D429: 45811 | E429: 0.79166667 | F429: 45812 | G429: 0.33333333 | H429: 45829.056 | I429: 3000 | J429: =IF(AND(D429>=DATE(YEAR(D429),3,15),D429<=DATE(YEAR(D429),6,10)),1,0) -> 1 | K429: =VLOOKUP(D429,Festival_List!$A$2:$B$100,2,0) -> #N/A | L429: =ROUND(((F429+G429)-(D429+E429))*24,0) -> 13 | M429: =IF(OR(WEEKDAY(D429)=1,WEEKDAY(D429)=7),1,0) -> 0 | N429: =IF(AND(MONTH(D429)>=3,MONTH(D429)<=6),"Summer",IF(AND(MONTH(D429)>=7,MONTH(D429)<=9),"Monsoon","Winter")) -> Summer | O429: =IF(AND(L429>=22,L429<=25,E429>=TIME(18,0,0)),"24H Night", IF(AND(L429>=22,L429<=25,E429<TIME(18,0,0)),"24H Day", IF(AND(L429>=11,L429<=13,E429>=TIME(18,0,0)),"12H Night", IF(AND(L429>=11,L429<=13,E429<TIME(18,0,0)),"12H Day", IF(AND(L429<10,E429>=TIME(18,0,0)),"Couple Night", "Couple Day"))))) -> 12H Night | P429: =WEEKDAY(D429,2) -> 2 | Q429: =MONTH(D429) -> 6 | R429: ="Q"&ROUNDUP(MONTH(D429)/3,0) -> Q2
A430: 313B9443-33F7-42CD-9A26-A52CC5AB542F | B430: Booked by Agent | C430: Rent: ₹2500 | D430: 45812 | E430: 0.41666667 | F430: 45812 | G430: 0.75 | H430: 45829.056 | I430: 2500 | J430: =IF(AND(D430>=DATE(YEAR(D430),3,15),D430<=DATE(YEAR(D430),6,10)),1,0) -> 1 | K430: =VLOOKUP(D430,Festival_List!$A$2:$B$100,2,0) -> #N/A | L430: =ROUND(((F430+G430)-(D430+E430))*24,0) -> 8 | M430: =IF(OR(WEEKDAY(D430)=1,WEEKDAY(D430)=7),1,0) -> 0 | N430: =IF(AND(MONTH(D430)>=3,MONTH(D430)<=6),"Summer",IF(AND(MONTH(D430)>=7,MONTH(D430)<=9),"Monsoon","Winter")) -> Summer | O430: =IF(AND(L430>=22,L430<=25,E430>=TIME(18,0,0)),"24H Night", IF(AND(L430>=22,L430<=25,E430<TIME(18,0,0)),"24H Day", IF(AND(L430>=11,L430<=13,E430>=TIME(18,0,0)),"12H Night", IF(AND(L430>=11,L430<=13,E430<TIME(18,0,0)),"12H Day", IF(AND(L430<10,E430>=TIME(18,0,0)),"Couple Night", "Couple Day"))))) -> Couple Day | P430: =WEEKDAY(D430,2) -> 3 | Q430: =MONTH(D430) -> 6 | R430: ="Q"&ROUNDUP(MONTH(D430)/3,0) -> Q2
A431: A04F4279-C38B-43DE-B228-6ABADC9DB8B4 | B431: Booked by Nisarg | C431: ₹2000 advance received 15 Persons Max Rent: ₹5500 Deposit: ₹2000 | D431: 45812 | E431: 0.79166667 | F431: 45813 | G431: 0.75 | H431: 45829.056 | I431: 5500 | J431: =IF(AND(D431>=DATE(YEAR(D431),3,15),D431<=DATE(YEAR(D431),6,10)),1,0) -> 1 | K431: =VLOOKUP(D431,Festival_List!$A$2:$B$100,2,0) -> #N/A | L431: =ROUND(((F431+G431)-(D431+E431))*24,0) -> 23 | M431: =IF(OR(WEEKDAY(D431)=1,WEEKDAY(D431)=7),1,0) -> 0 | N431: =IF(AND(MONTH(D431)>=3,MONTH(D431)<=6),"Summer",IF(AND(MONTH(D431)>=7,MONTH(D431)<=9),"Monsoon","Winter")) -> Summer | O431: =IF(AND(L431>=22,L431<=25,E431>=TIME(18,0,0)),"24H Night", IF(AND(L431>=22,L431<=25,E431<TIME(18,0,0)),"24H Day", IF(AND(L431>=11,L431<=13,E431>=TIME(18,0,0)),"12H Night", IF(AND(L431>=11,L431<=13,E431<TIME(18,0,0)),"12H Day", IF(AND(L431<10,E431>=TIME(18,0,0)),"Couple Night", "Couple Day"))))) -> 24H Night | P431: =WEEKDAY(D431,2) -> 3 | Q431: =MONTH(D431) -> 6 | R431: ="Q"&ROUNDUP(MONTH(D431)/3,0) -> Q2
A432: DBE1DAD0-B39D-40D1-B29A-B4BEB5219F9E | B432: Booked by Sanjay | C432: Booking confirmed ✅ ₹2000 advance received 5 Jun 2025 at 7:00 PM to 6 Jun 2025 at 6:00 PM 12 Persons Max Rent: ₹5500 Deposit: ₹2000 Deposit Refund after check out. | D432: 45813 | E432: 0.79166667 | F432: 45814 | G432: 0.75 | H432: 45802.869 | I432: 5500 | J432: =IF(AND(D432>=DATE(YEAR(D432),3,15),D432<=DATE(YEAR(D432),6,10)),1,0) -> 1 | K432: =VLOOKUP(D432,Festival_List!$A$2:$B$100,2,0) -> #N/A | L432: =ROUND(((F432+G432)-(D432+E432))*24,0) -> 23 | M432: =IF(OR(WEEKDAY(D432)=1,WEEKDAY(D432)=7),1,0) -> 0 | N432: =IF(AND(MONTH(D432)>=3,MONTH(D432)<=6),"Summer",IF(AND(MONTH(D432)>=7,MONTH(D432)<=9),"Monsoon","Winter")) -> Summer | O432: =IF(AND(L432>=22,L432<=25,E432>=TIME(18,0,0)),"24H Night", IF(AND(L432>=22,L432<=25,E432<TIME(18,0,0)),"24H Day", IF(AND(L432>=11,L432<=13,E432>=TIME(18,0,0)),"12H Night", IF(AND(L432>=11,L432<=13,E432<TIME(18,0,0)),"12H Day", IF(AND(L432<10,E432>=TIME(18,0,0)),"Couple Night", "Couple Day"))))) -> 24H Night | P432: =WEEKDAY(D432,2) -> 4 | Q432: =MONTH(D432) -> 6 | R432: ="Q"&ROUNDUP(MONTH(D432)/3,0) -> Q2
A433: 212B370F-9AC7-4FAA-80B3-032299E4801E | B433: Booked by chirag ramani | C433: ₹1500 received 2 Persons Max Rent: ₹1500 Deposit: ₹500 | D433: 45814 | E433: 0.875 | F433: 45815 | G433: 0.083333333 | H433: 45815.613 | I433: 1500 | J433: =IF(AND(D433>=DATE(YEAR(D433),3,15),D433<=DATE(YEAR(D433),6,10)),1,0) -> 1 | K433: =VLOOKUP(D433,Festival_List!$A$2:$B$100,2,0) -> #N/A | L433: =ROUND(((F433+G433)-(D433+E433))*24,0) -> 5 | M433: =IF(OR(WEEKDAY(D433)=1,WEEKDAY(D433)=7),1,0) -> 0 | N433: =IF(AND(MONTH(D433)>=3,MONTH(D433)<=6),"Summer",IF(AND(MONTH(D433)>=7,MONTH(D433)<=9),"Monsoon","Winter")) -> Summer | O433: =IF(AND(L433>=22,L433<=25,E433>=TIME(18,0,0)),"24H Night", IF(AND(L433>=22,L433<=25,E433<TIME(18,0,0)),"24H Day", IF(AND(L433>=11,L433<=13,E433>=TIME(18,0,0)),"12H Night", IF(AND(L433>=11,L433<=13,E433<TIME(18,0,0)),"12H Day", IF(AND(L433<10,E433>=TIME(18,0,0)),"Couple Night", "Couple Day"))))) -> Couple Night | P433: =WEEKDAY(D433,2) -> 5 | Q433: =MONTH(D433) -> 6 | R433: ="Q"&ROUNDUP(MONTH(D433)/3,0) -> Q2
A434: 5D9F43DD-98B5-4EB3-B39F-6EF7861131A9 | B434: Booked by Mohit Nimavat | C434: 7 Jun 2025 at 11:00 AM to 7 Jun 2025 at 6:00 PM 8 Persons Max Rent: ₹2000 Deposit: ₹1000 Deposit Refund after check out. | D434: 45815 | E434: 0.45833333 | F434: 45815 | G434: 0.75 | H434: 45815.53 | I434: 2000 | J434: =IF(AND(D434>=DATE(YEAR(D434),3,15),D434<=DATE(YEAR(D434),6,10)),1,0) -> 1 | K434: =VLOOKUP(D434,Festival_List!$A$2:$B$100,2,0) -> #N/A | L434: =ROUND(((F434+G434)-(D434+E434))*24,0) -> 7 | M434: =IF(OR(WEEKDAY(D434)=1,WEEKDAY(D434)=7),1,0) -> 1 | N434: =IF(AND(MONTH(D434)>=3,MONTH(D434)<=6),"Summer",IF(AND(MONTH(D434)>=7,MONTH(D434)<=9),"Monsoon","Winter")) -> Summer | O434: =IF(AND(L434>=22,L434<=25,E434>=TIME(18,0,0)),"24H Night", IF(AND(L434>=22,L434<=25,E434<TIME(18,0,0)),"24H Day", IF(AND(L434>=11,L434<=13,E434>=TIME(18,0,0)),"12H Night", IF(AND(L434>=11,L434<=13,E434<TIME(18,0,0)),"12H Day", IF(AND(L434<10,E434>=TIME(18,0,0)),"Couple Night", "Couple Day"))))) -> Couple Day | P434: =WEEKDAY(D434,2) -> 6 | Q434: =MONTH(D434) -> 6 | R434: ="Q"&ROUNDUP(MONTH(D434)/3,0) -> Q2
A435: 03FA6002-D682-4B28-892B-9D16A21F9CE8 | B435: Booked by Rahul | C435: Booking confirmed ✅ Farm number 11 ₹2000 advance received 7 Jun 2025 at 7:00 PM to 8 Jun 2025 at 8:00 AM 18 Persons Max Rent: ₹5000 Deposit: ₹2000 Deposit Refund after check out. | D435: 45815 | E435: 0.79166667 | F435: 45816 | G435: 0.33333333 | H435: 45815.683 | I435: 5000 | J435: =IF(AND(D435>=DATE(YEAR(D435),3,15),D435<=DATE(YEAR(D435),6,10)),1,0) -> 1 | K435: =VLOOKUP(D435,Festival_List!$A$2:$B$100,2,0) -> #N/A | L435: =ROUND(((F435+G435)-(D435+E435))*24,0) -> 13 | M435: =IF(OR(WEEKDAY(D435)=1,WEEKDAY(D435)=7),1,0) -> 1 | N435: =IF(AND(MONTH(D435)>=3,MONTH(D435)<=6),"Summer",IF(AND(MONTH(D435)>=7,MONTH(D435)<=9),"Monsoon","Winter")) -> Summer | O435: =IF(AND(L435>=22,L435<=25,E435>=TIME(18,0,0)),"24H Night", IF(AND(L435>=22,L435<=25,E435<TIME(18,0,0)),"24H Day", IF(AND(L435>=11,L435<=13,E435>=TIME(18,0,0)),"12H Night", IF(AND(L435>=11,L435<=13,E435<TIME(18,0,0)),"12H Day", IF(AND(L435<10,E435>=TIME(18,0,0)),"Couple Night", "Couple Day"))))) -> 12H Night | P435: =WEEKDAY(D435,2) -> 6 | Q435: =MONTH(D435) -> 6 | R435: ="Q"&ROUNDUP(MONTH(D435)/3,0) -> Q2
A436: D6FADCAD-BB24-4452-AF5A-AA486288A8E1 | B436: Booked by Bhargav | C436: ₹3000 advance received 4 Persons Rent: ₹6000 Deposit: ₹2000 | D436: 45816 | E436: 0.375 | F436: 45816 | G436: 0.79166667 | H436: 45815.828 | I436: 6000 | J436: =IF(AND(D436>=DATE(YEAR(D436),3,15),D436<=DATE(YEAR(D436),6,10)),1,0) -> 1 | K436: =VLOOKUP(D436,Festival_List!$A$2:$B$100,2,0) -> #N/A | L436: =ROUND(((F436+G436)-(D436+E436))*24,0) -> 10 | M436: =IF(OR(WEEKDAY(D436)=1,WEEKDAY(D436)=7),1,0) -> 1 | N436: =IF(AND(MONTH(D436)>=3,MONTH(D436)<=6),"Summer",IF(AND(MONTH(D436)>=7,MONTH(D436)<=9),"Monsoon","Winter")) -> Summer | O436: =IF(AND(L436>=22,L436<=25,E436>=TIME(18,0,0)),"24H Night", IF(AND(L436>=22,L436<=25,E436<TIME(18,0,0)),"24H Day", IF(AND(L436>=11,L436<=13,E436>=TIME(18,0,0)),"12H Night", IF(AND(L436>=11,L436<=13,E436<TIME(18,0,0)),"12H Day", IF(AND(L436<10,E436>=TIME(18,0,0)),"Couple Night", "Couple Day"))))) -> Couple Day | P436: =WEEKDAY(D436,2) -> 7 | Q436: =MONTH(D436) -> 6 | R436: ="Q"&ROUNDUP(MONTH(D436)/3,0) -> Q2
A437: C2AE578A-43C6-46E1-990D-93CEC5D305B3 | B437: Booked by Chirag Ramani | C437: ₹2000 received 2 Persons Max Rent: ₹1500 Deposit: ₹500 | D437: 45816 | E437: 0.83333333 | F437: 45817 | G437: 0.29166667 | H437: 45816.718 | I437: 1500 | J437: =IF(AND(D437>=DATE(YEAR(D437),3,15),D437<=DATE(YEAR(D437),6,10)),1,0) -> 1 | K437: =VLOOKUP(D437,Festival_List!$A$2:$B$100,2,0) -> #N/A | L437: =ROUND(((F437+G437)-(D437+E437))*24,0) -> 11 | M437: =IF(OR(WEEKDAY(D437)=1,WEEKDAY(D437)=7),1,0) -> 1 | N437: =IF(AND(MONTH(D437)>=3,MONTH(D437)<=6),"Summer",IF(AND(MONTH(D437)>=7,MONTH(D437)<=9),"Monsoon","Winter")) -> Summer | O437: =IF(AND(L437>=22,L437<=25,E437>=TIME(18,0,0)),"24H Night", IF(AND(L437>=22,L437<=25,E437<TIME(18,0,0)),"24H Day", IF(AND(L437>=11,L437<=13,E437>=TIME(18,0,0)),"12H Night", IF(AND(L437>=11,L437<=13,E437<TIME(18,0,0)),"12H Day", IF(AND(L437<10,E437>=TIME(18,0,0)),"Couple Night", "Couple Day"))))) -> 12H Night | P437: =WEEKDAY(D437,2) -> 7 | Q437: =MONTH(D437) -> 6 | R437: ="Q"&ROUNDUP(MONTH(D437)/3,0) -> Q2
A438: AA26A18F-4312-400E-998B-5E279886A709 | B438: Booked by Mahek | C438: Booking confirmed ✅ Farm number 11 ₹4000 received 9 Jun 2025 at 9:00 AM to 9 Jun 2025 at 6:00 PM 10 Persons Max Rent: ₹3000 Deposit: ₹2000 Deposit Refund after check out. | D438: 45817 | E438: 0.375 | F438: 45817 | G438: 0.75 | H438: 45817.354 | I438: 3000 | J438: =IF(AND(D438>=DATE(YEAR(D438),3,15),D438<=DATE(YEAR(D438),6,10)),1,0) -> 1 | K438: =VLOOKUP(D438,Festival_List!$A$2:$B$100,2,0) -> #N/A | L438: =ROUND(((F438+G438)-(D438+E438))*24,0) -> 9 | M438: =IF(OR(WEEKDAY(D438)=1,WEEKDAY(D438)=7),1,0) -> 0 | N438: =IF(AND(MONTH(D438)>=3,MONTH(D438)<=6),"Summer",IF(AND(MONTH(D438)>=7,MONTH(D438)<=9),"Monsoon","Winter")) -> Summer | O438: =IF(AND(L438>=22,L438<=25,E438>=TIME(18,0,0)),"24H Night", IF(AND(L438>=22,L438<=25,E438<TIME(18,0,0)),"24H Day", IF(AND(L438>=11,L438<=13,E438>=TIME(18,0,0)),"12H Night", IF(AND(L438>=11,L438<=13,E438<TIME(18,0,0)),"12H Day", IF(AND(L438<10,E438>=TIME(18,0,0)),"Couple Night", "Couple Day"))))) -> Couple Day | P438: =WEEKDAY(D438,2) -> 1 | Q438: =MONTH(D438) -> 6 | R438: ="Q"&ROUNDUP(MONTH(D438)/3,0) -> Q2
A439: 9D609DE4-C682-454D-8271-B15A052AE7A5 | B439: Booked by Pravanbhai Parmar | C439: ₹2000 advance received 8 Persons Max Rent: ₹3000 Deposit: ₹2000 | D439: 45819 | E439: 0.375 | F439: 45819 | G439: 0.75 | H439: 45817.426 | I439: 3000 | J439: =IF(AND(D439>=DATE(YEAR(D439),3,15),D439<=DATE(YEAR(D439),6,10)),1,0) -> 0 | K439: =VLOOKUP(D439,Festival_List!$A$2:$B$100,2,0) -> #N/A | L439: =ROUND(((F439+G439)-(D439+E439))*24,0) -> 9 | M439: =IF(OR(WEEKDAY(D439)=1,WEEKDAY(D439)=7),1,0) -> 0 | N439: =IF(AND(MONTH(D439)>=3,MONTH(D439)<=6),"Summer",IF(AND(MONTH(D439)>=7,MONTH(D439)<=9),"Monsoon","Winter")) -> Summer | O439: =IF(AND(L439>=22,L439<=25,E439>=TIME(18,0,0)),"24H Night", IF(AND(L439>=22,L439<=25,E439<TIME(18,0,0)),"24H Day", IF(AND(L439>=11,L439<=13,E439>=TIME(18,0,0)),"12H Night", IF(AND(L439>=11,L439<=13,E439<TIME(18,0,0)),"12H Day", IF(AND(L439<10,E439>=TIME(18,0,0)),"Couple Night", "Couple Day"))))) -> Couple Day | P439: =WEEKDAY(D439,2) -> 3 | Q439: =MONTH(D439) -> 6 | R439: ="Q"&ROUNDUP(MONTH(D439)/3,0) -> Q2
... A746: 348E34BD-A8ED-485C-AC2E-213032F346C7 | B746: Booked by Vikas Singh | C746: Booking confirmed ✅ Farm number 11 ₹2000 received +91 88490 13169 8 Persons Max Rent: ₹3500 Deposit: ₹1000 Deposit Refund after check out. | D746: 46220 | E746: 0.375 | F746: 46220 | G746: 0.75 | H746: 46204.679 | I746: 3500 | J746: =IF(AND(D746>=DATE(YEAR(D746),3,15),D746<=DATE(YEAR(D746),6,10)),1,0) -> 0 | K746: =VLOOKUP(D746,Festival_List!$A$2:$B$100,2,0) -> #N/A | L746: =ROUND(((F746+G746)-(D746+E746))*24,0) -> 9 | M746: =IF(OR(WEEKDAY(D746)=1,WEEKDAY(D746)=7),1,0) -> 0 | N746: =IF(AND(MONTH(D746)>=3,MONTH(D746)<=6),"Summer",IF(AND(MONTH(D746)>=7,MONTH(D746)<=9),"Monsoon","Winter")) -> Monsoon | O746: =IF(AND(L746>=22,L746<=25,E746>=TIME(18,0,0)),"24H Night", IF(AND(L746>=22,L746<=25,E746<TIME(18,0,0)),"24H Day", IF(AND(L746>=11,L746<=13,E746>=TIME(18,0,0)),"12H Night", IF(AND(L746>=11,L746<=13,E746<TIME(18,0,0)),"12H Day", IF(AND(L746<10,E746>=TIME(18,0,0)),"Couple Night", "Couple Day"))))) -> Couple Day | P746: =WEEKDAY(D746,2) -> 5 | Q746: =MONTH(D746) -> 7 | R746: ="Q"&ROUNDUP(MONTH(D746)/3,0) -> Q3
