Workbook

Sheet Dashboard
A1: Month | B1: Total Rent | C1: Rent Change (YoY) | D1: Occupancy Rate (%) | E1: Occupancy Change (YoY) | F1: Total Bookings | G1: Bookings Change (YoY) | H1: Unbooked 24hr Slots | I1: Unbooked Day Slots | J1: Unbooked Night Slots
A2: 45261 | B2: 50100 | D2: 0.38235294 | F2: 18 | H2: 14 | I2: 0 | J2: 7
A3: 45292 | B3: 72600 | D3: 0.61904762 | F3: 19 | H3: 9 | I3: 2 | J3: 5
A4: 45323 | B4: 61100 | D4: 0.625 | F4: 21 | H4: 7 | I4: 0 | J4: 5
A5: 45352 | B5: 113450 | D5: 0.75 | F5: 23 | H5: 9 | I5: 0 | J5: 2
A6: 45383 | B6: 131300 | D6: 0.80392157 | F6: 26 | H6: 4 | I6: 1 | J6: 5
A7: 45413 | B7: 191000 | D7: 0.93220339 | F7: 32 | H7: 1 | I7: 0 | J7: 3
A8: 45444 | B8: 140200 | D8: 0.78723404 | F8: 26 | H8: 4 | I8: 0 | J8: 6
A9: 45474 | B9: 53500 | D9: 0.425 | F9: 19 | H9: 13 | I9: 0 | J9: 10
A10: 45505 | B10: 56900 | D10: 0.53846154 | F10: 23 | H10: 9 | I10: 0 | J10: 9
A11: 45536 | B11: 42200 | D11: 0.27777778 | F11: 20 | H11: 10 | I11: 1 | J11: 15
A12: 45566 | B12: 67000 | D12: 0.56756757 | F12: 21 | H12: 8 | I12: 1 | J12: 7
A13: 45597 | B13: 93400 | D13: 0.7173913 | F13: 29 | H13: 3 | I13: 0 | J13: 10
A14: 45627 | B14: 57200 | C14: 0.14171657 | D14: 0.5 | E14: 0.30769231 | F14: 21 | G14: 0.16666667 | H14: 9 | I14: 1 | J14: 10
A15: 45658 | B15: 73500 | C15: 0.012396694 | D15: 0.58695652 | E15: -0.051839465 | F15: 23 | G15: 0.21052632 | H15: 10 | I15: 0 | J15: 9
A16: 45689 | B16: 41000 | C16: -0.3289689 | D16: 0.39473684 | E16: -0.36842105 | F16: 16 | G16: -0.23809524 | H16: 13 | I16: 0 | J16: 10
A17: 45717 | B17: 128500 | C17: 0.13265756 | D17: 0.82978723 | E17: 0.10638298 | F17: 25 | G17: 0.086956522 | H17: 5 | I17: 0 | J17: 3
A18: 45748 | B18: 151400 | C18: 0.15308454 | D18: 0.83333333 | E18: 0.036585366 | F18: 27 | G18: 0.038461538 | H18: 3 | I18: 1 | J18: 5
A19: 45778 | B19: 172550 | C19: -0.096596859 | D19: 0.90909091 | E19: -0.024793388 | F19: 35 | G19: 0.09375 | H19: 1 | I19: 1 | J19: 3
A20: 45809 | B20: 106700 | C20: -0.23894437 | D20: 0.68 | E20: -0.13621622 | F20: 33 | G20: 0.26923077 | H20: 10 | I20: 1 | J20: 5
A21: 45839 | B21: 59500 | C21: 0.11214953 | D21: 0.51351351 | E21: 0.20826709 | F21: 22 | G21: 0.15789474 | H21: 8 | I21: 0 | J21: 10
A22: 45870 | B22: 76900 | C22: 0.35149385 | D22: 0.60377358 | E22: 0.1212938 | F22: 24 | G22: 0.043478261 | H22: 10 | I22: 0 | J22: 11
A23: 45901 | B23: 41600 | C23: -0.014218009 | D23: 0.33333333 | E23: 0.2 | F23: 20 | G23: 0 | H23: 12 | I23: 0 | J23: 8
A24: 45931 | B24: 85800 | C24: 0.28059701 | D24: 0.61702128 | E24: 0.087132725 | F24: 30 | G24: 0.42857143 | H24: 5 | I24: 2 | J24: 11
A25: 45962 | B25: 51200 | C25: -0.45182013 | D25: 0.47727273 | E25: -0.33471074 | F25: 18 | G25: -0.37931034 | H25: 13 | I25: 2 | J25: 8
... A35: 46266 | B35: 14500 | C35: -0.65144231 | D35: 1 | E35: 2 | F35: 1 | G35: -0.95 | H35: 0 | I35: 0 | J35: 0

Sheet Events Export
A1: Title | B1: Description | C1: Start Date | D1: Start Time | E1: End Date | F1: End Time | G1: Rate | H1: Number of Guests | I1: Booking Date | J1: Booking Time | K1: Booking Category | L1: Duration | M1: Festivals | N1: Weekend | O1: vacation time | P1: season | Q1: Day of Week | R1: Lead Days
A2: Farm Booked | B2: Rent: ₹3500 | C2: 45261.792 | D2: 45261.792 | E2: 45262.75 | F2: 45262.75 | G2: 3500 | I2: 45261 | J2: 0.55731481 | K2: 24H Night | L2: =((INT(E2)+MOD(F2,1))-(INT(C2)+MOD(D2,1)))*24 -> 23 | M2: =IFERROR(INDEX(Sheet3!$B$2:$B$500,MATCH(1,(INT(C2)+MOD(D2,1)<INT(Sheet3!$A$2:$A$500)+TIME(18,0,0))*(INT(E2)+MOD(F2,1)>=INT(Sheet3!$A$2:$A$500)),0)),0) -> 0 | N2: =IF(OR( AND(Q2=6,D2>=TIME(17,0,0),OR(K2="12H Night",K2="Couple Half Night",K2="24H Night",K2="Couple Full Night")), AND(Q2=7,D2>=TIME(6,0,0),D2<TIME(12,0,0),OR(K2="12H Day",K2="Couple Half Day",K2="24H Day",K2="Couple Full Day")) ),1,0) -> 0 | O2: =IF(OR( AND(MONTH(C2)=12,DAY(C2)>=26), AND(MONTH(C2)=4,DAY(C2)>=15), MONTH(C2)=5, AND(MONTH(C2)=6,DAY(C2)<=10) ),1,0) -> 0 | P2: =IF(OR(MONTH(C2)=3,MONTH(C2)=4,MONTH(C2)=5,MONTH(C2)=6), "Summer", IF(OR(MONTH(C2)=7,MONTH(C2)=8,MONTH(C2)=9,MONTH(C2)=10), "Monsoon", "Winter")) -> Winter | Q2: =WEEKDAY(C2,2) -> 5 | R2: =ROUNDDOWN(((INT(C2)+MOD(D2,1))-(INT(I2)+MOD(J2,1))),0) -> 0
A3: Farm Booked | B3: Rent: ₹4800 | C3: 45262.792 | D3: 45262.792 | E3: 45263.75 | F3: 45263.75 | G3: 4800 | I3: 45257 | J3: 0.73717593 | K3: =IF(L3>24, IF(H3=2,"Couple Extended Day","Extended Day"), IF(L3<=12, IF(AND(D3>=TIME(6,0,0),D3<TIME(17,0,0)), IF(H3=2,"Couple Half Day","12H Day"), IF(H3=2,"Couple Half Night","12H Night")), IF(L3<=24, IF(AND(D3>=TIME(6,0,0),D3<TIME(17,0,0)), IF(H3=2,"Couple Full Day","24H Day"), IF(H3=2,"Couple Full Night","24H Night")), "Check Data"))) -> 24H Night | L3: =((INT(E3)+MOD(F3,1))-(INT(C3)+MOD(D3,1)))*24 -> 23 | M3: =IFERROR(INDEX(Sheet3!$B$2:$B$500,MATCH(1,(INT(C3)+MOD(D3,1)<INT(Sheet3!$A$2:$A$500)+TIME(18,0,0))*(INT(E3)+MOD(F3,1)>=INT(Sheet3!$A$2:$A$500)),0)),0) -> 0 | N3: =IF(OR( AND(Q3=6,D3>=TIME(17,0,0),OR(K3="12H Night",K3="Couple Half Night",K3="24H Night",K3="Couple Full Night")), AND(Q3=7,D3>=TIME(6,0,0),D3<TIME(12,0,0),OR(K3="12H Day",K3="Couple Half Day",K3="24H Day",K3="Couple Full Day")) ),1,0) -> 1 | O3: =IF(OR( AND(MONTH(C3)=12,DAY(C3)>=26), AND(MONTH(C3)=4,DAY(C3)>=15), MONTH(C3)=5, AND(MONTH(C3)=6,DAY(C3)<=10) ),1,0) -> 0 | P3: =IF(OR(MONTH(C3)=3,MONTH(C3)=4,MONTH(C3)=5,MONTH(C3)=6), "Summer", IF(OR(MONTH(C3)=7,MONTH(C3)=8,MONTH(C3)=9,MONTH(C3)=10), "Monsoon", "Winter")) -> Winter | Q3: =WEEKDAY(C3,2) -> 6 | R3: =ROUNDDOWN(((INT(C3)+MOD(D3,1))-(INT(I3)+MOD(J3,1))),0) -> 5
A4: Farm Booked | B4: Rent: 2000 | C4: 45264.375 | D4: 45264.375 | E4: 45264.667 | F4: 45264.667 | G4: 2000 | I4: 45263 | J4: 0.61510417 | K4: =IF(L26>24, IF(H26=2,"Couple Extended Day","Extended Day"), IF(L26<=12, IF(AND(MOD(D26,1)>=TIME(6,0,0),MOD(D26,1)<TIME(18,0,0)), IF(H26=2,"Couple Half Day","12H Day"), IF(H26=2,"Couple Half Night","12H Night")), IF(L26<=24, IF(AND(MOD(D26,1)>=TIME(6,0,0),MOD(D26,1)<TIME(18,0,0)), IF(H26=2,"Couple Full Day","24H Day"), IF(H26=2,"Couple Full Night","24H Night")), "Check Data"))) -> 12H Day | L4: =((INT(E4)+MOD(F4,1))-(INT(C4)+MOD(D4,1)))*24 -> 7 | M4: =IFERROR(INDEX(Sheet3!$B$2:$B$500,MATCH(1,(INT(C4)+MOD(D4,1)<INT(Sheet3!$A$2:$A$500)+TIME(18,0,0))*(INT(E4)+MOD(F4,1)>=INT(Sheet3!$A$2:$A$500)),0)),0) -> 0 | N4: =IF(OR( AND(Q4=6,D4>=TIME(17,0,0),OR(K4="12H Night",K4="Couple Half Night",K4="24H Night",K4="Couple Full Night")), AND(Q4=7,D4>=TIME(6,0,0),D4<TIME(12,0,0),OR(K4="12H Day",K4="Couple Half Day",K4="24H Day",K4="Couple Full Day")) ),1,0) -> 0 | O4: =IF(OR( AND(MONTH(C4)=12,DAY(C4)>=26), AND(MONTH(C4)=4,DAY(C4)>=15), MONTH(C4)=5, AND(MONTH(C4)=6,DAY(C4)<=10) ),1,0) -> 0 | P4: =IF(OR(MONTH(C4)=3,MONTH(C4)=4,MONTH(C4)=5,MONTH(C4)=6), "Summer", IF(OR(MONTH(C4)=7,MONTH(C4)=8,MONTH(C4)=9,MONTH(C4)=10), "Monsoon", "Winter")) -> Winter | Q4: =WEEKDAY(C4,2) -> 1 | R4: =ROUNDDOWN(((INT(C4)+MOD(D4,1))-(INT(I4)+MOD(J4,1))),0) -> 0
A5: Farm Booked | B5: Rent: 5000 | C5: 45269.792 | D5: 45269.792 | E5: 45270.75 | F5: 45270.75 | G5: 5000 | I5: 45267 | J5: 0.49596065 | K5: =IF(L5>24, IF(H5=2,"Couple Extended Day","Extended Day"), IF(L5<=12, IF(AND(D5>=TIME(6,0,0),D5<TIME(17,0,0)), IF(H5=2,"Couple Half Day","12H Day"), IF(H5=2,"Couple Half Night","12H Night")), IF(L5<=24, IF(AND(D5>=TIME(6,0,0),D5<TIME(17,0,0)), IF(H5=2,"Couple Full Day","24H Day"), IF(H5=2,"Couple Full Night","24H Night")), "Check Data"))) -> 24H Night | L5: =((INT(E5)+MOD(F5,1))-(INT(C5)+MOD(D5,1)))*24 -> 23 | M5: =IFERROR(INDEX(Sheet3!$B$2:$B$500,MATCH(1,(INT(C5)+MOD(D5,1)<INT(Sheet3!$A$2:$A$500)+TIME(18,0,0))*(INT(E5)+MOD(F5,1)>=INT(Sheet3!$A$2:$A$500)),0)),0) -> 0 | N5: =IF(OR( AND(Q5=6,D5>=TIME(17,0,0),OR(K5="12H Night",K5="Couple Half Night",K5="24H Night",K5="Couple Full Night")), AND(Q5=7,D5>=TIME(6,0,0),D5<TIME(12,0,0),OR(K5="12H Day",K5="Couple Half Day",K5="24H Day",K5="Couple Full Day")) ),1,0) -> 1 | O5: =IF(OR( AND(MONTH(C5)=12,DAY(C5)>=26), AND(MONTH(C5)=4,DAY(C5)>=15), MONTH(C5)=5, AND(MONTH(C5)=6,DAY(C5)<=10) ),1,0) -> 0 | P5: =IF(OR(MONTH(C5)=3,MONTH(C5)=4,MONTH(C5)=5,MONTH(C5)=6), "Summer", IF(OR(MONTH(C5)=7,MONTH(C5)=8,MONTH(C5)=9,MONTH(C5)=10), "Monsoon", "Winter")) -> Winter | Q5: =WEEKDAY(C5,2) -> 6 | R5: =ROUNDDOWN(((INT(C5)+MOD(D5,1))-(INT(I5)+MOD(J5,1))),0) -> 2
A6: Farm Booked | B6: Rent: 2800 | C6: 45272.25 | D6: 45272.25 | E6: 45272.75 | F6: 45272.75 | G6: 2800 | I6: 45268 | J6: 0.55329861 | K6: 12H Day | L6: =((INT(E6)+MOD(F6,1))-(INT(C6)+MOD(D6,1)))*24 -> 12 | M6: =IFERROR(INDEX(Sheet3!$B$2:$B$500,MATCH(1,(INT(C6)+MOD(D6,1)<INT(Sheet3!$A$2:$A$500)+TIME(18,0,0))*(INT(E6)+MOD(F6,1)>=INT(Sheet3!$A$2:$A$500)),0)),0) -> 0 | N6: =IF(OR( AND(Q6=6,D6>=TIME(17,0,0),OR(K6="12H Night",K6="Couple Half Night",K6="24H Night",K6="Couple Full Night")), AND(Q6=7,D6>=TIME(6,0,0),D6<TIME(12,0,0),OR(K6="12H Day",K6="Couple Half Day",K6="24H Day",K6="Couple Full Day")) ),1,0) -> 0 | O6: =IF(OR( AND(MONTH(C6)=12,DAY(C6)>=26), AND(MONTH(C6)=4,DAY(C6)>=15), MONTH(C6)=5, AND(MONTH(C6)=6,DAY(C6)<=10) ),1,0) -> 0 | P6: =IF(OR(MONTH(C6)=3,MONTH(C6)=4,MONTH(C6)=5,MONTH(C6)=6), "Summer", IF(OR(MONTH(C6)=7,MONTH(C6)=8,MONTH(C6)=9,MONTH(C6)=10), "Monsoon", "Winter")) -> Winter | Q6: =WEEKDAY(C6,2) -> 2 | R6: =ROUNDDOWN(((INT(C6)+MOD(D6,1))-(INT(I6)+MOD(J6,1))),0) -> 3
A7: Farm Booked | B7: Rent: 2000 | C7: 45274.375 | D7: 45274.375 | E7: 45274.708 | F7: 0 | G7: 2000 | I7: 45273 | J7: 0.80291667 | K7: 12H Day | L7: =((INT(E7)+MOD(F7,1))-(INT(C7)+MOD(D7,1)))*24 -> -9 | M7: =IFERROR(INDEX(Sheet3!$B$2:$B$500,MATCH(1,(INT(C7)+MOD(D7,1)<INT(Sheet3!$A$2:$A$500)+TIME(18,0,0))*(INT(E7)+MOD(F7,1)>=INT(Sheet3!$A$2:$A$500)),0)),0) -> 0 | N7: =IF(OR( AND(Q7=6,D7>=TIME(17,0,0),OR(K7="12H Night",K7="Couple Half Night",K7="24H Night",K7="Couple Full Night")), AND(Q7=7,D7>=TIME(6,0,0),D7<TIME(12,0,0),OR(K7="12H Day",K7="Couple Half Day",K7="24H Day",K7="Couple Full Day")) ),1,0) -> 0 | O7: =IF(OR( AND(MONTH(C7)=12,DAY(C7)>=26), AND(MONTH(C7)=4,DAY(C7)>=15), MONTH(C7)=5, AND(MONTH(C7)=6,DAY(C7)<=10) ),1,0) -> 0 | P7: =IF(OR(MONTH(C7)=3,MONTH(C7)=4,MONTH(C7)=5,MONTH(C7)=6), "Summer", IF(OR(MONTH(C7)=7,MONTH(C7)=8,MONTH(C7)=9,MONTH(C7)=10), "Monsoon", "Winter")) -> Winter | Q7: =WEEKDAY(C7,2) -> 4 | R7: =ROUNDDOWN(((INT(C7)+MOD(D7,1))-(INT(I7)+MOD(J7,1))),0) -> 0
A8: Farm Booked | B8: Rent: 1200 | C8: 45275.375 | D8: 45275.375 | E8: 45275.708 | F8: 0 | G8: 1200 | I8: 45275 | J8: 0.01994213 | K8: 12H Day | L8: =((INT(E8)+MOD(F8,1))-(INT(C8)+MOD(D8,1)))*24 -> -9 | M8: =IFERROR(INDEX(Sheet3!$B$2:$B$500,MATCH(1,(INT(C8)+MOD(D8,1)<INT(Sheet3!$A$2:$A$500)+TIME(18,0,0))*(INT(E8)+MOD(F8,1)>=INT(Sheet3!$A$2:$A$500)),0)),0) -> 0 | N8: =IF(OR( AND(Q8=6,D8>=TIME(17,0,0),OR(K8="12H Night",K8="Couple Half Night",K8="24H Night",K8="Couple Full Night")), AND(Q8=7,D8>=TIME(6,0,0),D8<TIME(12,0,0),OR(K8="12H Day",K8="Couple Half Day",K8="24H Day",K8="Couple Full Day")) ),1,0) -> 0 | O8: =IF(OR( AND(MONTH(C8)=12,DAY(C8)>=26), AND(MONTH(C8)=4,DAY(C8)>=15), MONTH(C8)=5, AND(MONTH(C8)=6,DAY(C8)<=10) ),1,0) -> 0 | P8: =IF(OR(MONTH(C8)=3,MONTH(C8)=4,MONTH(C8)=5,MONTH(C8)=6), "Summer", IF(OR(MONTH(C8)=7,MONTH(C8)=8,MONTH(C8)=9,MONTH(C8)=10), "Monsoon", "Winter")) -> Winter | Q8: =WEEKDAY(C8,2) -> 5 | R8: =ROUNDDOWN(((INT(C8)+MOD(D8,1))-(INT(I8)+MOD(J8,1))),0) -> 0
A9: Farm Booked | B9: Rent: 2000 | C9: 45278.333 | D9: 0 | E9: 45278.667 | F9: 45278.667 | G9: 2000 | I9: 45278 | J9: 0.31791667 | K9: 12H Day | L9: =((INT(E9)+MOD(F9,1))-(INT(C9)+MOD(D9,1)))*24 -> 16 | M9: =IFERROR(INDEX(Sheet3!$B$2:$B$500,MATCH(1,(INT(C9)+MOD(D9,1)<INT(Sheet3!$A$2:$A$500)+TIME(18,0,0))*(INT(E9)+MOD(F9,1)>=INT(Sheet3!$A$2:$A$500)),0)),0) -> 0 | N9: =IF(OR( AND(Q9=6,D9>=TIME(17,0,0),OR(K9="12H Night",K9="Couple Half Night",K9="24H Night",K9="Couple Full Night")), AND(Q9=7,D9>=TIME(6,0,0),D9<TIME(12,0,0),OR(K9="12H Day",K9="Couple Half Day",K9="24H Day",K9="Couple Full Day")) ),1,0) -> 0 | O9: =IF(OR( AND(MONTH(C9)=12,DAY(C9)>=26), AND(MONTH(C9)=4,DAY(C9)>=15), MONTH(C9)=5, AND(MONTH(C9)=6,DAY(C9)<=10) ),1,0) -> 0 | P9: =IF(OR(MONTH(C9)=3,MONTH(C9)=4,MONTH(C9)=5,MONTH(C9)=6), "Summer", IF(OR(MONTH(C9)=7,MONTH(C9)=8,MONTH(C9)=9,MONTH(C9)=10), "Monsoon", "Winter")) -> Winter | Q9: =WEEKDAY(C9,2) -> 1 | R9: =ROUNDDOWN(((INT(C9)+MOD(D9,1))-(INT(I9)+MOD(J9,1))),0) -> 0
A10: Farm booked | B10: Rent: 2500 only room | C10: 45278.792 | D10: 45278.792 | E10: 45279.25 | F10: 45279.25 | G10: 2500 | I10: 45278 | J10: 0.52829861 | K10: =IF(L10>24, IF(H10=2,"Couple Extended Day","Extended Day"), IF(L10<=12, IF(AND(D10>=TIME(6,0,0),D10<TIME(17,0,0)), IF(H10=2,"Couple Half Day","12H Day"), IF(H10=2,"Couple Half Night","12H Night")), IF(L10<=24, IF(AND(D10>=TIME(6,0,0),D10<TIME(17,0,0)), IF(H10=2,"Couple Full Day","24H Day"), IF(H10=2,"Couple Full Night","24H Night")), "Check Data"))) -> 12H Night | L10: =((INT(E10)+MOD(F10,1))-(INT(C10)+MOD(D10,1)))*24 -> 11 | M10: =IFERROR(INDEX(Sheet3!$B$2:$B$500,MATCH(1,(INT(C10)+MOD(D10,1)<INT(Sheet3!$A$2:$A$500)+TIME(18,0,0))*(INT(E10)+MOD(F10,1)>=INT(Sheet3!$A$2:$A$500)),0)),0) -> 0 | N10: =IF(OR( AND(Q10=6,D10>=TIME(17,0,0),OR(K10="12H Night",K10="Couple Half Night",K10="24H Night",K10="Couple Full Night")), AND(Q10=7,D10>=TIME(6,0,0),D10<TIME(12,0,0),OR(K10="12H Day",K10="Couple Half Day",K10="24H Day",K10="Couple Full Day")) ),1,0) -> 0 | O10: =IF(OR( AND(MONTH(C10)=12,DAY(C10)>=26), AND(MONTH(C10)=4,DAY(C10)>=15), MONTH(C10)=5, AND(MONTH(C10)=6,DAY(C10)<=10) ),1,0) -> 0 | P10: =IF(OR(MONTH(C10)=3,MONTH(C10)=4,MONTH(C10)=5,MONTH(C10)=6), "Summer", IF(OR(MONTH(C10)=7,MONTH(C10)=8,MONTH(C10)=9,MONTH(C10)=10), "Monsoon", "Winter")) -> Winter | Q10: =WEEKDAY(C10,2) -> 1 | R10: =ROUNDDOWN(((INT(C10)+MOD(D10,1))-(INT(I10)+MOD(J10,1))),0) -> 0
A11: Farm Booked | B11: Rent: 2700 | C11: 45280.458 | D11: 0 | E11: 45280.875 | F11: 45280.875 | G11: 2700 | I11: 45279 | J11: 0.6446412 | K11: 12H Day | L11: =((INT(E11)+MOD(F11,1))-(INT(C11)+MOD(D11,1)))*24 -> 21 | M11: =IFERROR(INDEX(Sheet3!$B$2:$B$500,MATCH(1,(INT(C11)+MOD(D11,1)<INT(Sheet3!$A$2:$A$500)+TIME(18,0,0))*(INT(E11)+MOD(F11,1)>=INT(Sheet3!$A$2:$A$500)),0)),0) -> 0 | N11: =IF(OR( AND(Q11=6,D11>=TIME(17,0,0),OR(K11="12H Night",K11="Couple Half Night",K11="24H Night",K11="Couple Full Night")), AND(Q11=7,D11>=TIME(6,0,0),D11<TIME(12,0,0),OR(K11="12H Day",K11="Couple Half Day",K11="24H Day",K11="Couple Full Day")) ),1,0) -> 0 | O11: =IF(OR( AND(MONTH(C11)=12,DAY(C11)>=26), AND(MONTH(C11)=4,DAY(C11)>=15), MONTH(C11)=5, AND(MONTH(C11)=6,DAY(C11)<=10) ),1,0) -> 0 | P11: =IF(OR(MONTH(C11)=3,MONTH(C11)=4,MONTH(C11)=5,MONTH(C11)=6), "Summer", IF(OR(MONTH(C11)=7,MONTH(C11)=8,MONTH(C11)=9,MONTH(C11)=10), "Monsoon", "Winter")) -> Winter | Q11: =WEEKDAY(C11,2) -> 3 | R11: =ROUNDDOWN(((INT(C11)+MOD(D11,1))-(INT(I11)+MOD(J11,1))),0) -> 0
A12: Farm Booked | B12: Rent: 3300 room + kitchen | C12: 45281.417 | D12: 45281.417 | E12: 45281.917 | F12: 45281.917 | G12: 3300 | I12: 45277 | J12: 0.67616898 | K12: 12H Day | L12: =((INT(E12)+MOD(F12,1))-(INT(C12)+MOD(D12,1)))*24 -> 12 | M12: =IFERROR(INDEX(Sheet3!$B$2:$B$500,MATCH(1,(INT(C12)+MOD(D12,1)<INT(Sheet3!$A$2:$A$500)+TIME(18,0,0))*(INT(E12)+MOD(F12,1)>=INT(Sheet3!$A$2:$A$500)),0)),0) -> 0 | N12: =IF(OR( AND(Q12=6,D12>=TIME(17,0,0),OR(K12="12H Night",K12="Couple Half Night",K12="24H Night",K12="Couple Full Night")), AND(Q12=7,D12>=TIME(6,0,0),D12<TIME(12,0,0),OR(K12="12H Day",K12="Couple Half Day",K12="24H Day",K12="Couple Full Day")) ),1,0) -> 0 | O12: =IF(OR( AND(MONTH(C12)=12,DAY(C12)>=26), AND(MONTH(C12)=4,DAY(C12)>=15), MONTH(C12)=5, AND(MONTH(C12)=6,DAY(C12)<=10) ),1,0) -> 0 | P12: =IF(OR(MONTH(C12)=3,MONTH(C12)=4,MONTH(C12)=5,MONTH(C12)=6), "Summer", IF(OR(MONTH(C12)=7,MONTH(C12)=8,MONTH(C12)=9,MONTH(C12)=10), "Monsoon", "Winter")) -> Winter | Q12: =WEEKDAY(C12,2) -> 4 | R12: =ROUNDDOWN(((INT(C12)+MOD(D12,1))-(INT(I12)+MOD(J12,1))),0) -> 3
A13: Farm booked | B13: Rent: 2000 | C13: 45282.375 | D13: 45282.375 | E13: 45282.75 | F13: 45282.75 | G13: 2000 | I13: 45280 | J13: 0.50490741 | K13: 12H Day | L13: =((INT(E13)+MOD(F13,1))-(INT(C13)+MOD(D13,1)))*24 -> 9 | M13: =IFERROR(INDEX(Sheet3!$B$2:$B$500,MATCH(1,(INT(C13)+MOD(D13,1)<INT(Sheet3!$A$2:$A$500)+TIME(18,0,0))*(INT(E13)+MOD(F13,1)>=INT(Sheet3!$A$2:$A$500)),0)),0) -> 0 | N13: =IF(OR( AND(Q13=6,D13>=TIME(17,0,0),OR(K13="12H Night",K13="Couple Half Night",K13="24H Night",K13="Couple Full Night")), AND(Q13=7,D13>=TIME(6,0,0),D13<TIME(12,0,0),OR(K13="12H Day",K13="Couple Half Day",K13="24H Day",K13="Couple Full Day")) ),1,0) -> 0 | O13: =IF(OR( AND(MONTH(C13)=12,DAY(C13)>=26), AND(MONTH(C13)=4,DAY(C13)>=15), MONTH(C13)=5, AND(MONTH(C13)=6,DAY(C13)<=10) ),1,0) -> 0 | P13: =IF(OR(MONTH(C13)=3,MONTH(C13)=4,MONTH(C13)=5,MONTH(C13)=6), "Summer", IF(OR(MONTH(C13)=7,MONTH(C13)=8,MONTH(C13)=9,MONTH(C13)=10), "Monsoon", "Winter")) -> Winter | Q13: =WEEKDAY(C13,2) -> 5 | R13: =ROUNDDOWN(((INT(C13)+MOD(D13,1))-(INT(I13)+MOD(J13,1))),0) -> 1
A14: Farm Booked | B14: Rent: 2800 | C14: 45283.292 | D14: 45283.292 | E14: 45283.75 | F14: 45283.75 | G14: 2800 | I14: 45277 | J14: 0.65537037 | K14: 12H Day | L14: =((INT(E14)+MOD(F14,1))-(INT(C14)+MOD(D14,1)))*24 -> 11 | M14: =IFERROR(INDEX(Sheet3!$B$2:$B$500,MATCH(1,(INT(C14)+MOD(D14,1)<INT(Sheet3!$A$2:$A$500)+TIME(18,0,0))*(INT(E14)+MOD(F14,1)>=INT(Sheet3!$A$2:$A$500)),0)),0) -> 0 | N14: =IF(OR( AND(Q14=6,D14>=TIME(17,0,0),OR(K14="12H Night",K14="Couple Half Night",K14="24H Night",K14="Couple Full Night")), AND(Q14=7,D14>=TIME(6,0,0),D14<TIME(12,0,0),OR(K14="12H Day",K14="Couple Half Day",K14="24H Day",K14="Couple Full Day")) ),1,0) -> 0 | O14: =IF(OR( AND(MONTH(C14)=12,DAY(C14)>=26), AND(MONTH(C14)=4,DAY(C14)>=15), MONTH(C14)=5, AND(MONTH(C14)=6,DAY(C14)<=10) ),1,0) -> 0 | P14: =IF(OR(MONTH(C14)=3,MONTH(C14)=4,MONTH(C14)=5,MONTH(C14)=6), "Summer", IF(OR(MONTH(C14)=7,MONTH(C14)=8,MONTH(C14)=9,MONTH(C14)=10), "Monsoon", "Winter")) -> Winter | Q14: =WEEKDAY(C14,2) -> 6 | R14: =ROUNDDOWN(((INT(C14)+MOD(D14,1))-(INT(I14)+MOD(J14,1))),0) -> 5
A15: Farm booked | B15: Rent: 4500 | C15: 45283.792 | D15: 45283.792 | E15: 45284.75 | F15: 45284.75 | G15: 4500 | I15: 45279 | J15: 0.65368056 | K15: =IF(L15>24, IF(H15=2,"Couple Extended Day","Extended Day"), IF(L15<=12, IF(AND(D15>=TIME(6,0,0),D15<TIME(17,0,0)), IF(H15=2,"Couple Half Day","12H Day"), IF(H15=2,"Couple Half Night","12H Night")), IF(L15<=24, IF(AND(D15>=TIME(6,0,0),D15<TIME(17,0,0)), IF(H15=2,"Couple Full Day","24H Day"), IF(H15=2,"Couple Full Night","24H Night")), "Check Data"))) -> 24H Night | L15: =((INT(E15)+MOD(F15,1))-(INT(C15)+MOD(D15,1)))*24 -> 23 | M15: =IFERROR(INDEX(Sheet3!$B$2:$B$500,MATCH(1,(INT(C15)+MOD(D15,1)<INT(Sheet3!$A$2:$A$500)+TIME(18,0,0))*(INT(E15)+MOD(F15,1)>=INT(Sheet3!$A$2:$A$500)),0)),0) -> 0 | N15: =IF(OR( AND(Q15=6,D15>=TIME(17,0,0),OR(K15="12H Night",K15="Couple Half Night",K15="24H Night",K15="Couple Full Night")), AND(Q15=7,D15>=TIME(6,0,0),D15<TIME(12,0,0),OR(K15="12H Day",K15="Couple Half Day",K15="24H Day",K15="Couple Full Day")) ),1,0) -> 1 | O15: =IF(OR( AND(MONTH(C15)=12,DAY(C15)>=26), AND(MONTH(C15)=4,DAY(C15)>=15), MONTH(C15)=5, AND(MONTH(C15)=6,DAY(C15)<=10) ),1,0) -> 0 | P15: =IF(OR(MONTH(C15)=3,MONTH(C15)=4,MONTH(C15)=5,MONTH(C15)=6), "Summer", IF(OR(MONTH(C15)=7,MONTH(C15)=8,MONTH(C15)=9,MONTH(C15)=10), "Monsoon", "Winter")) -> Winter | Q15: =WEEKDAY(C15,2) -> 6 | R15: =ROUNDDOWN(((INT(C15)+MOD(D15,1))-(INT(I15)+MOD(J15,1))),0) -> 4
A16: Farm booked - Hirenbhai | B16: Rent: 2500 | C16: 45287.25 | D16: 45287.25 | E16: 45287.75 | F16: 45287.75 | G16: 2500 | I16: 45276 | J16: 0.64475694 | K16: 12H Day | L16: =((INT(E16)+MOD(F16,1))-(INT(C16)+MOD(D16,1)))*24 -> 12 | M16: =IFERROR(INDEX(Sheet3!$B$2:$B$500,MATCH(1,(INT(C16)+MOD(D16,1)<INT(Sheet3!$A$2:$A$500)+TIME(18,0,0))*(INT(E16)+MOD(F16,1)>=INT(Sheet3!$A$2:$A$500)),0)),0) -> 0 | N16: =IF(OR( AND(Q16=6,D16>=TIME(17,0,0),OR(K16="12H Night",K16="Couple Half Night",K16="24H Night",K16="Couple Full Night")), AND(Q16=7,D16>=TIME(6,0,0),D16<TIME(12,0,0),OR(K16="12H Day",K16="Couple Half Day",K16="24H Day",K16="Couple Full Day")) ),1,0) -> 0 | O16: =IF(OR( AND(MONTH(C16)=12,DAY(C16)>=26), AND(MONTH(C16)=4,DAY(C16)>=15), MONTH(C16)=5, AND(MONTH(C16)=6,DAY(C16)<=10) ),1,0) -> 1 | P16: =IF(OR(MONTH(C16)=3,MONTH(C16)=4,MONTH(C16)=5,MONTH(C16)=6), "Summer", IF(OR(MONTH(C16)=7,MONTH(C16)=8,MONTH(C16)=9,MONTH(C16)=10), "Monsoon", "Winter")) -> Winter | Q16: =WEEKDAY(C16,2) -> 3 | R16: =ROUNDDOWN(((INT(C16)+MOD(D16,1))-(INT(I16)+MOD(J16,1))),0) -> 10
A17: Farm booked by Monu | B17: Rent: 2500 Full facilities | C17: 45288.833 | D17: 0 | E17: 45289.333 | F17: 0 | G17: 2500 | I17: 45283 | J17: 0.61118056 | K17: =IF(L17>24, IF(H17=2,"Couple Extended Day","Extended Day"), IF(L17<=12, IF(AND(D17>=TIME(6,0,0),D17<TIME(17,0,0)), IF(H17=2,"Couple Half Day","12H Day"), IF(H17=2,"Couple Half Night","12H Night")), IF(L17<=24, IF(AND(D17>=TIME(6,0,0),D17<TIME(17,0,0)), IF(H17=2,"Couple Full Day","24H Day"), IF(H17=2,"Couple Full Night","24H Night")), "Check Data"))) -> 24H Night | L17: =((INT(E17)+MOD(F17,1))-(INT(C17)+MOD(D17,1)))*24 -> 24 | M17: =IFERROR(INDEX(Sheet3!$B$2:$B$500,MATCH(1,(INT(C17)+MOD(D17,1)<INT(Sheet3!$A$2:$A$500)+TIME(18,0,0))*(INT(E17)+MOD(F17,1)>=INT(Sheet3!$A$2:$A$500)),0)),0) -> 0 | N17: =IF(OR( AND(Q17=6,D17>=TIME(17,0,0),OR(K17="12H Night",K17="Couple Half Night",K17="24H Night",K17="Couple Full Night")), AND(Q17=7,D17>=TIME(6,0,0),D17<TIME(12,0,0),OR(K17="12H Day",K17="Couple Half Day",K17="24H Day",K17="Couple Full Day")) ),1,0) -> 0 | O17: =IF(OR( AND(MONTH(C17)=12,DAY(C17)>=26), AND(MONTH(C17)=4,DAY(C17)>=15), MONTH(C17)=5, AND(MONTH(C17)=6,DAY(C17)<=10) ),1,0) -> 1 | P17: =IF(OR(MONTH(C17)=3,MONTH(C17)=4,MONTH(C17)=5,MONTH(C17)=6), "Summer", IF(OR(MONTH(C17)=7,MONTH(C17)=8,MONTH(C17)=9,MONTH(C17)=10), "Monsoon", "Winter")) -> Winter | Q17: =WEEKDAY(C17,2) -> 4 | R17: =ROUNDDOWN(((INT(C17)+MOD(D17,1))-(INT(I17)+MOD(J17,1))),0) -> 4
A18: Farm booked by Vishal | B18: Rent: 2500 | C18: 45289.333 | D18: 0 | E18: 45289.833 | F18: 0 | G18: 2500 | I18: 45286 | J18: 0.62631944 | K18: 12H Day | L18: =((INT(E18)+MOD(F18,1))-(INT(C18)+MOD(D18,1)))*24 -> 0 | M18: =IFERROR(INDEX(Sheet3!$B$2:$B$500,MATCH(1,(INT(C18)+MOD(D18,1)<INT(Sheet3!$A$2:$A$500)+TIME(18,0,0))*(INT(E18)+MOD(F18,1)>=INT(Sheet3!$A$2:$A$500)),0)),0) -> 0 | N18: =IF(OR( AND(Q18=6,D18>=TIME(17,0,0),OR(K18="12H Night",K18="Couple Half Night",K18="24H Night",K18="Couple Full Night")), AND(Q18=7,D18>=TIME(6,0,0),D18<TIME(12,0,0),OR(K18="12H Day",K18="Couple Half Day",K18="24H Day",K18="Couple Full Day")) ),1,0) -> 0 | O18: =IF(OR( AND(MONTH(C18)=12,DAY(C18)>=26), AND(MONTH(C18)=4,DAY(C18)>=15), MONTH(C18)=5, AND(MONTH(C18)=6,DAY(C18)<=10) ),1,0) -> 1 | P18: =IF(OR(MONTH(C18)=3,MONTH(C18)=4,MONTH(C18)=5,MONTH(C18)=6), "Summer", IF(OR(MONTH(C18)=7,MONTH(C18)=8,MONTH(C18)=9,MONTH(C18)=10), "Monsoon", "Winter")) -> Winter | Q18: =WEEKDAY(C18,2) -> 5 | R18: =ROUNDDOWN(((INT(C18)+MOD(D18,1))-(INT(I18)+MOD(J18,1))),0) -> 2
A19: Farm booked by Divyesh | B19: Rent: 1500 Only room | C19: 45290.542 | D19: 45290.542 | E19: 45290.729 | F19: 45290.729 | G19: 1500 | I19: 45283 | J19: 0.46126157 | K19: 12H Day | L19: =((INT(E19)+MOD(F19,1))-(INT(C19)+MOD(D19,1)))*24 -> 4.5 | M19: =IFERROR(INDEX(Sheet3!$B$2:$B$500,MATCH(1,(INT(C19)+MOD(D19,1)<INT(Sheet3!$A$2:$A$500)+TIME(18,0,0))*(INT(E19)+MOD(F19,1)>=INT(Sheet3!$A$2:$A$500)),0)),0) -> 0 | N19: =IF(OR( AND(Q19=6,D19>=TIME(17,0,0),OR(K19="12H Night",K19="Couple Half Night",K19="24H Night",K19="Couple Full Night")), AND(Q19=7,D19>=TIME(6,0,0),D19<TIME(12,0,0),OR(K19="12H Day",K19="Couple Half Day",K19="24H Day",K19="Couple Full Day")) ),1,0) -> 0 | O19: =IF(OR( AND(MONTH(C19)=12,DAY(C19)>=26), AND(MONTH(C19)=4,DAY(C19)>=15), MONTH(C19)=5, AND(MONTH(C19)=6,DAY(C19)<=10) ),1,0) -> 1 | P19: =IF(OR(MONTH(C19)=3,MONTH(C19)=4,MONTH(C19)=5,MONTH(C19)=6), "Summer", IF(OR(MONTH(C19)=7,MONTH(C19)=8,MONTH(C19)=9,MONTH(C19)=10), "Monsoon", "Winter")) -> Winter | Q19: =WEEKDAY(C19,2) -> 6 | R19: =ROUNDDOWN(((INT(C19)+MOD(D19,1))-(INT(I19)+MOD(J19,1))),0) -> 7
A20: Farm booked | B20: Rent: 1500 only photo | C20: 45293.375 | D20: 45293.375 | E20: 45293.5 | F20: 45293.5 | G20: 1500 | I20: 45291 | J20: 0.43777778 | K20: 12H Day | L20: =((INT(E20)+MOD(F20,1))-(INT(C20)+MOD(D20,1)))*24 -> 3 | M20: =IFERROR(INDEX(Sheet3!$B$2:$B$500,MATCH(1,(INT(C20)+MOD(D20,1)<INT(Sheet3!$A$2:$A$500)+TIME(18,0,0))*(INT(E20)+MOD(F20,1)>=INT(Sheet3!$A$2:$A$500)),0)),0) -> 0 | N20: =IF(OR( AND(Q20=6,D20>=TIME(17,0,0),OR(K20="12H Night",K20="Couple Half Night",K20="24H Night",K20="Couple Full Night")), AND(Q20=7,D20>=TIME(6,0,0),D20<TIME(12,0,0),OR(K20="12H Day",K20="Couple Half Day",K20="24H Day",K20="Couple Full Day")) ),1,0) -> 0 | O20: =IF(OR( AND(MONTH(C20)=12,DAY(C20)>=26), AND(MONTH(C20)=4,DAY(C20)>=15), MONTH(C20)=5, AND(MONTH(C20)=6,DAY(C20)<=10) ),1,0) -> 0 | P20: =IF(OR(MONTH(C20)=3,MONTH(C20)=4,MONTH(C20)=5,MONTH(C20)=6), "Summer", IF(OR(MONTH(C20)=7,MONTH(C20)=8,MONTH(C20)=9,MONTH(C20)=10), "Monsoon", "Winter")) -> Winter | Q20: =WEEKDAY(C20,2) -> 2 | R20: =ROUNDDOWN(((INT(C20)+MOD(D20,1))-(INT(I20)+MOD(J20,1))),0) -> 1
A21: Farm Booked by Vatsal | B21: Rent: 8500 | C21: 45294.5 | D21: 45294.5 | E21: 45296.5 | F21: 45296.5 | G21: 8500 | I21: 45258 | J21: 0.92405093 | K21: =IF(L21>24, IF(H21=2,"Couple Extended Day","Extended Day"), IF(L21<=12, IF(AND(D21>=TIME(6,0,0),D21<TIME(17,0,0)), IF(H21=2,"Couple Half Day","12H Day"), IF(H21=2,"Couple Half Night","12H Night")), IF(L21<=24, IF(AND(D21>=TIME(6,0,0),D21<TIME(17,0,0)), IF(H21=2,"Couple Full Day","24H Day"), IF(H21=2,"Couple Full Night","24H Night")), "Check Data"))) -> Extended Day | L21: =((INT(E21)+MOD(F21,1))-(INT(C21)+MOD(D21,1)))*24 -> 48 | M21: =IFERROR(INDEX(Sheet3!$B$2:$B$500,MATCH(1,(INT(C21)+MOD(D21,1)<INT(Sheet3!$A$2:$A$500)+TIME(18,0,0))*(INT(E21)+MOD(F21,1)>=INT(Sheet3!$A$2:$A$500)),0)),0) -> 0 | N21: =IF(OR( AND(Q21=6,D21>=TIME(17,0,0),OR(K21="12H Night",K21="Couple Half Night",K21="24H Night",K21="Couple Full Night")), AND(Q21=7,D21>=TIME(6,0,0),D21<TIME(12,0,0),OR(K21="12H Day",K21="Couple Half Day",K21="24H Day",K21="Couple Full Day")) ),1,0) -> 0 | O21: =IF(OR( AND(MONTH(C21)=12,DAY(C21)>=26), AND(MONTH(C21)=4,DAY(C21)>=15), MONTH(C21)=5, AND(MONTH(C21)=6,DAY(C21)<=10) ),1,0) -> 0 | P21: =IF(OR(MONTH(C21)=3,MONTH(C21)=4,MONTH(C21)=5,MONTH(C21)=6), "Summer", IF(OR(MONTH(C21)=7,MONTH(C21)=8,MONTH(C21)=9,MONTH(C21)=10), "Monsoon", "Winter")) -> Winter | Q21: =WEEKDAY(C21,2) -> 3 | R21: =ROUNDDOWN(((INT(C21)+MOD(D21,1))-(INT(I21)+MOD(J21,1))),0) -> 35
A22: Farm Booked by Yash | B22: Rent: 3000 | C22: 45296.792 | D22: 45296.792 | E22: 45297.75 | F22: 45297.75 | G22: 3000 | I22: 45277 | J22: 0.57780093 | K22: =IF(L22>24, IF(H22=2,"Couple Extended Day","Extended Day"), IF(L22<=12, IF(AND(D22>=TIME(6,0,0),D22<TIME(17,0,0)), IF(H22=2,"Couple Half Day","12H Day"), IF(H22=2,"Couple Half Night","12H Night")), IF(L22<=24, IF(AND(D22>=TIME(6,0,0),D22<TIME(17,0,0)), IF(H22=2,"Couple Full Day","24H Day"), IF(H22=2,"Couple Full Night","24H Night")), "Check Data"))) -> 24H Night | L22: =((INT(E22)+MOD(F22,1))-(INT(C22)+MOD(D22,1)))*24 -> 23 | M22: =IFERROR(INDEX(Sheet3!$B$2:$B$500,MATCH(1,(INT(C22)+MOD(D22,1)<INT(Sheet3!$A$2:$A$500)+TIME(18,0,0))*(INT(E22)+MOD(F22,1)>=INT(Sheet3!$A$2:$A$500)),0)),0) -> 0 | N22: =IF(OR( AND(Q22=6,D22>=TIME(17,0,0),OR(K22="12H Night",K22="Couple Half Night",K22="24H Night",K22="Couple Full Night")), AND(Q22=7,D22>=TIME(6,0,0),D22<TIME(12,0,0),OR(K22="12H Day",K22="Couple Half Day",K22="24H Day",K22="Couple Full Day")) ),1,0) -> 0 | O22: =IF(OR( AND(MONTH(C22)=12,DAY(C22)>=26), AND(MONTH(C22)=4,DAY(C22)>=15), MONTH(C22)=5, AND(MONTH(C22)=6,DAY(C22)<=10) ),1,0) -> 0 | P22: =IF(OR(MONTH(C22)=3,MONTH(C22)=4,MONTH(C22)=5,MONTH(C22)=6), "Summer", IF(OR(MONTH(C22)=7,MONTH(C22)=8,MONTH(C22)=9,MONTH(C22)=10), "Monsoon", "Winter")) -> Winter | Q22: =WEEKDAY(C22,2) -> 5 | R22: =ROUNDDOWN(((INT(C22)+MOD(D22,1))-(INT(I22)+MOD(J22,1))),0) -> 19
A23: Farm Booked by Roopen’s friend | B23: Rent: ₹3000 ₹2000 - penalty Guest name: Rekha | C23: 45297.75 | D23: 45297.75 | E23: 45298.25 | F23: 45298.25 | G23: 3000 | I23: 45292 | J23: 0.69011574 | K23: =IF(L23>24, IF(H23=2,"Couple Extended Day","Extended Day"), IF(L23<=12, IF(AND(D23>=TIME(6,0,0),D23<TIME(17,0,0)), IF(H23=2,"Couple Half Day","12H Day"), IF(H23=2,"Couple Half Night","12H Night")), IF(L23<=24, IF(AND(D23>=TIME(6,0,0),D23<TIME(17,0,0)), IF(H23=2,"Couple Full Day","24H Day"), IF(H23=2,"Couple Full Night","24H Night")), "Check Data"))) -> 12H Night | L23: =((INT(E23)+MOD(F23,1))-(INT(C23)+MOD(D23,1)))*24 -> 12 | M23: =IFERROR(INDEX(Sheet3!$B$2:$B$500,MATCH(1,(INT(C23)+MOD(D23,1)<INT(Sheet3!$A$2:$A$500)+TIME(18,0,0))*(INT(E23)+MOD(F23,1)>=INT(Sheet3!$A$2:$A$500)),0)),0) -> 0 | N23: =IF(OR( AND(Q23=6,D23>=TIME(17,0,0),OR(K23="12H Night",K23="Couple Half Night",K23="24H Night",K23="Couple Full Night")), AND(Q23=7,D23>=TIME(6,0,0),D23<TIME(12,0,0),OR(K23="12H Day",K23="Couple Half Day",K23="24H Day",K23="Couple Full Day")) ),1,0) -> 1 | O23: =IF(OR( AND(MONTH(C23)=12,DAY(C23)>=26), AND(MONTH(C23)=4,DAY(C23)>=15), MONTH(C23)=5, AND(MONTH(C23)=6,DAY(C23)<=10) ),1,0) -> 0 | P23: =IF(OR(MONTH(C23)=3,MONTH(C23)=4,MONTH(C23)=5,MONTH(C23)=6), "Summer", IF(OR(MONTH(C23)=7,MONTH(C23)=8,MONTH(C23)=9,MONTH(C23)=10), "Monsoon", "Winter")) -> Winter | Q23: =WEEKDAY(C23,2) -> 6 | R23: =ROUNDDOWN(((INT(C23)+MOD(D23,1))-(INT(I23)+MOD(J23,1))),0) -> 5
A24: Farb booked by Atul | B24: Rent: 2500 | C24: 45299.25 | D24: 45299.25 | E24: 45299.75 | F24: 45299.75 | G24: 2500 | I24: 45297 | J24: 0.56315972 | K24: 12H Day | L24: =((INT(E24)+MOD(F24,1))-(INT(C24)+MOD(D24,1)))*24 -> 12 | M24: =IFERROR(INDEX(Sheet3!$B$2:$B$500,MATCH(1,(INT(C24)+MOD(D24,1)<INT(Sheet3!$A$2:$A$500)+TIME(18,0,0))*(INT(E24)+MOD(F24,1)>=INT(Sheet3!$A$2:$A$500)),0)),0) -> 0 | N24: =IF(OR( AND(Q24=6,D24>=TIME(17,0,0),OR(K24="12H Night",K24="Couple Half Night",K24="24H Night",K24="Couple Full Night")), AND(Q24=7,D24>=TIME(6,0,0),D24<TIME(12,0,0),OR(K24="12H Day",K24="Couple Half Day",K24="24H Day",K24="Couple Full Day")) ),1,0) -> 0 | O24: =IF(OR( AND(MONTH(C24)=12,DAY(C24)>=26), AND(MONTH(C24)=4,DAY(C24)>=15), MONTH(C24)=5, AND(MONTH(C24)=6,DAY(C24)<=10) ),1,0) -> 0 | P24: =IF(OR(MONTH(C24)=3,MONTH(C24)=4,MONTH(C24)=5,MONTH(C24)=6), "Summer", IF(OR(MONTH(C24)=7,MONTH(C24)=8,MONTH(C24)=9,MONTH(C24)=10), "Monsoon", "Winter")) -> Winter | Q24: =WEEKDAY(C24,2) -> 1 | R24: =ROUNDDOWN(((INT(C24)+MOD(D24,1))-(INT(I24)+MOD(J24,1))),0) -> 1
A25: Farm booked by Raj | B25: 9 Jan 9AM to 9 Jan 6PM 2 Person Full facility Rent: ₹2000 Deposit: ₹2000 Advanced paid: ₹500 | C25: 45300.375 | D25: 45300.375 | E25: 45300.75 | F25: 45300.75 | G25: 2000 | H25: 2 | I25: 45299 | J25: 0.70861111 | K25: =IF(L25>24, IF(H25=2,"Couple Extended Day","Extended Day"), IF(L25<=12, IF(AND(MOD(D25,1)>=TIME(6,0,0),MOD(D25,1)<TIME(18,0,0)), IF(H25=2,"Couple Half Day","12H Day"), IF(H25=2,"Couple Half Night","12H Night")), IF(L25<=24, IF(AND(MOD(D25,1)>=TIME(6,0,0),MOD(D25,1)<TIME(18,0,0)), IF(H25=2,"Couple Full Day","24H Day"), IF(H25=2,"Couple Full Night","24H Night")), "Check Data"))) -> Couple Half Day | L25: =((INT(E25)+MOD(F25,1))-(INT(C25)+MOD(D25,1)))*24 -> 9 | M25: =IFERROR(INDEX(Sheet3!$B$2:$B$500,MATCH(1,(INT(C25)+MOD(D25,1)<INT(Sheet3!$A$2:$A$500)+TIME(18,0,0))*(INT(E25)+MOD(F25,1)>=INT(Sheet3!$A$2:$A$500)),0)),0) -> 0 | N25: =IF(OR( AND(Q25=6,D25>=TIME(17,0,0),OR(K25="12H Night",K25="Couple Half Night",K25="24H Night",K25="Couple Full Night")), AND(Q25=7,D25>=TIME(6,0,0),D25<TIME(12,0,0),OR(K25="12H Day",K25="Couple Half Day",K25="24H Day",K25="Couple Full Day")) ),1,0) -> 0 | O25: =IF(OR( AND(MONTH(C25)=12,DAY(C25)>=26), AND(MONTH(C25)=4,DAY(C25)>=15), MONTH(C25)=5, AND(MONTH(C25)=6,DAY(C25)<=10) ),1,0) -> 0 | P25: =IF(OR(MONTH(C25)=3,MONTH(C25)=4,MONTH(C25)=5,MONTH(C25)=6), "Summer", IF(OR(MONTH(C25)=7,MONTH(C25)=8,MONTH(C25)=9,MONTH(C25)=10), "Monsoon", "Winter")) -> Winter | Q25: =WEEKDAY(C25,2) -> 2 | R25: =ROUNDDOWN(((INT(C25)+MOD(D25,1))-(INT(I25)+MOD(J25,1))),0) -> 0
A26: Farm booked by Prashant | B26: 10 Jan 9 AM to 10 Jan 5 PM 4 Person Full Facilities Rent: 2500 Deposit: 2000 Total Payment before checkin: 4500 2000 refundable within 24 hours of checkout. Advance Payment received: ₹500 Pending amount: ₹4000 | C26: 45301.375 | D26: 45301.375 | E26: 45301.708 | F26: 0 | G26: 2500 | H26: 4 | I26: 45300 | J26: 0.74597222 | K26: =IF(L26>24, IF(H26=2,"Couple Extended Day","Extended Day"), IF(L26<=12, IF(AND(MOD(D26,1)>=TIME(6,0,0),MOD(D26,1)<TIME(18,0,0)), IF(H26=2,"Couple Half Day","12H Day"), IF(H26=2,"Couple Half Night","12H Night")), IF(L26<=24, IF(AND(MOD(D26,1)>=TIME(6,0,0),MOD(D26,1)<TIME(18,0,0)), IF(H26=2,"Couple Full Day","24H Day"), IF(H26=2,"Couple Full Night","24H Night")), "Check Data"))) -> 12H Day | L26: =((INT(E26)+MOD(F26,1))-(INT(C26)+MOD(D26,1)))*24 -> -9 | M26: =IFERROR(INDEX(Sheet3!$B$2:$B$500,MATCH(1,(INT(C26)+MOD(D26,1)<INT(Sheet3!$A$2:$A$500)+TIME(18,0,0))*(INT(E26)+MOD(F26,1)>=INT(Sheet3!$A$2:$A$500)),0)),0) -> 0 | N26: =IF(OR( AND(Q26=6,D26>=TIME(17,0,0),OR(K26="12H Night",K26="Couple Half Night",K26="24H Night",K26="Couple Full Night")), AND(Q26=7,D26>=TIME(6,0,0),D26<TIME(12,0,0),OR(K26="12H Day",K26="Couple Half Day",K26="24H Day",K26="Couple Full Day")) ),1,0) -> 0 | O26: =IF(OR( AND(MONTH(C26)=12,DAY(C26)>=26), AND(MONTH(C26)=4,DAY(C26)>=15), MONTH(C26)=5, AND(MONTH(C26)=6,DAY(C26)<=10) ),1,0) -> 0 | P26: =IF(OR(MONTH(C26)=3,MONTH(C26)=4,MONTH(C26)=5,MONTH(C26)=6), "Summer", IF(OR(MONTH(C26)=7,MONTH(C26)=8,MONTH(C26)=9,MONTH(C26)=10), "Monsoon", "Winter")) -> Winter | Q26: =WEEKDAY(C26,2) -> 3 | R26: =ROUNDDOWN(((INT(C26)+MOD(D26,1))-(INT(I26)+MOD(J26,1))),0) -> 0
A27: Farm booked by Aman | B27: 9 Jan 6 PM to 10 Jan 6 PM 24 hours Full facilities with JBL sound system 5 person Rent: ₹4000 Deposit: ₹2000 Total payment before check in: ₹6000 ₹2000 refundable within 24 hours of check out Advance payment paid: ₹1000 Pending Amount: ₹5000 | C27: 45301.792 | D27: 45301.792 | E27: 45302.75 | F27: 45302.75 | G27: 4000 | H27: 5 | I27: 45300 | J27: 0.51760417 | K27: =IF(L27>24, IF(H27=2,"Couple Extended Day","Extended Day"), IF(L27<=12, IF(AND(MOD(D27,1)>=TIME(6,0,0),MOD(D27,1)<TIME(18,0,0)), IF(H27=2,"Couple Half Day","12H Day"), IF(H27=2,"Couple Half Night","12H Night")), IF(L27<=24, IF(AND(MOD(D27,1)>=TIME(6,0,0),MOD(D27,1)<TIME(18,0,0)), IF(H27=2,"Couple Full Day","24H Day"), IF(H27=2,"Couple Full Night","24H Night")), "Check Data"))) -> 24H Night | L27: =((INT(E27)+MOD(F27,1))-(INT(C27)+MOD(D27,1)))*24 -> 23 | M27: =IFERROR(INDEX(Sheet3!$B$2:$B$500,MATCH(1,(INT(C27)+MOD(D27,1)<INT(Sheet3!$A$2:$A$500)+TIME(18,0,0))*(INT(E27)+MOD(F27,1)>=INT(Sheet3!$A$2:$A$500)),0)),0) -> 0 | N27: =IF(OR( AND(Q27=6,D27>=TIME(17,0,0),OR(K27="12H Night",K27="Couple Half Night",K27="24H Night",K27="Couple Full Night")), AND(Q27=7,D27>=TIME(6,0,0),D27<TIME(12,0,0),OR(K27="12H Day",K27="Couple Half Day",K27="24H Day",K27="Couple Full Day")) ),1,0) -> 0 | O27: =IF(OR( AND(MONTH(C27)=12,DAY(C27)>=26), AND(MONTH(C27)=4,DAY(C27)>=15), MONTH(C27)=5, AND(MONTH(C27)=6,DAY(C27)<=10) ),1,0) -> 0 | P27: =IF(OR(MONTH(C27)=3,MONTH(C27)=4,MONTH(C27)=5,MONTH(C27)=6), "Summer", IF(OR(MONTH(C27)=7,MONTH(C27)=8,MONTH(C27)=9,MONTH(C27)=10), "Monsoon", "Winter")) -> Winter | Q27: =WEEKDAY(C27,2) -> 3 | R27: =ROUNDDOWN(((INT(C27)+MOD(D27,1))-(INT(I27)+MOD(J27,1))),0) -> 1
A28: Farm booked by Om | B28: 13 Jan 6PM to 14 Jan 8AM 6 Persons Full facilities with JBL sound system Rent: ₹4500 Deposit: ₹2000 Total payment before check in: ₹6500 ₹2000 refundable within 24 hours of check out. Advance payment paid: ₹2000. Pending amount: ₹4500 | C28: 45304.75 | D28: 45304.75 | E28: 45305.333 | F28: 0 | G28: 4500 | H28: 6 | I28: 45298 | J28: 0.65959491 | K28: 12H Night | L28: =((INT(E28)+MOD(F28,1))-(INT(C28)+MOD(D28,1)))*24 -> 6 | M28: 0 | N28: =IF(OR( AND(Q28=6,D28>=TIME(17,0,0),OR(K28="12H Night",K28="Couple Half Night",K28="24H Night",K28="Couple Full Night")), AND(Q28=7,D28>=TIME(6,0,0),D28<TIME(12,0,0),OR(K28="12H Day",K28="Couple Half Day",K28="24H Day",K28="Couple Full Day")) ),1,0) -> 1 | O28: =IF(OR( AND(MONTH(C28)=12,DAY(C28)>=26), AND(MONTH(C28)=4,DAY(C28)>=15), MONTH(C28)=5, AND(MONTH(C28)=6,DAY(C28)<=10) ),1,0) -> 0 | P28: =IF(OR(MONTH(C28)=3,MONTH(C28)=4,MONTH(C28)=5,MONTH(C28)=6), "Summer", IF(OR(MONTH(C28)=7,MONTH(C28)=8,MONTH(C28)=9,MONTH(C28)=10), "Monsoon", "Winter")) -> Winter | Q28: =WEEKDAY(C28,2) -> 6 | R28: =ROUNDDOWN(((INT(C28)+MOD(D28,1))-(INT(I28)+MOD(J28,1))),0) -> 6
A29: Farm booked by Jignesh | B29: 14 Jan 8 AM to 15 Jan 8 PM 8 Person Full facilities Rent: ₹10000 Deposit: ₹2000 Total payment: ₹12000 Payment received: ₹2000 | C29: 45305 | D29: 0 | E29: 45306.833 | F29: 0 | G29: 10000 | H29: 8 | I29: 45304 | J29: 0.50084491 | K29: =IF(L29>24, IF(H29=2,"Couple Extended Day","Extended Day"), IF(L29<=12, IF(AND(MOD(D29,1)>=TIME(6,0,0),MOD(D29,1)<TIME(18,0,0)), IF(H29=2,"Couple Half Day","12H Day"), IF(H29=2,"Couple Half Night","12H Night")), IF(L29<=24, IF(AND(MOD(D29,1)>=TIME(6,0,0),MOD(D29,1)<TIME(18,0,0)), IF(H29=2,"Couple Full Day","24H Day"), IF(H29=2,"Couple Full Night","24H Night")), "Check Data"))) -> 24H Night | L29: =((INT(E29)+MOD(F29,1))-(INT(C29)+MOD(D29,1)))*24 -> 24 | M29: =IFERROR(INDEX(Sheet3!$B$2:$B$500,MATCH(1,(INT(C29)+MOD(D29,1)<INT(Sheet3!$A$2:$A$500)+TIME(18,0,0))*(INT(E29)+MOD(F29,1)>=INT(Sheet3!$A$2:$A$500)),0)),0) -> Makar Sankranti | N29: =IF(OR( AND(Q29=6,D29>=TIME(17,0,0),OR(K29="12H Night",K29="Couple Half Night",K29="24H Night",K29="Couple Full Night")), AND(Q29=7,D29>=TIME(6,0,0),D29<TIME(12,0,0),OR(K29="12H Day",K29="Couple Half Day",K29="24H Day",K29="Couple Full Day")) ),1,0) -> 0 | O29: =IF(OR( AND(MONTH(C29)=12,DAY(C29)>=26), AND(MONTH(C29)=4,DAY(C29)>=15), MONTH(C29)=5, AND(MONTH(C29)=6,DAY(C29)<=10) ),1,0) -> 0 | P29: =IF(OR(MONTH(C29)=3,MONTH(C29)=4,MONTH(C29)=5,MONTH(C29)=6), "Summer", IF(OR(MONTH(C29)=7,MONTH(C29)=8,MONTH(C29)=9,MONTH(C29)=10), "Monsoon", "Winter")) -> Winter | Q29: =WEEKDAY(C29,2) -> 7 | R29: =ROUNDDOWN(((INT(C29)+MOD(D29,1))-(INT(I29)+MOD(J29,1))),0) -> 0
A30: Farm booked by Rutvik | B30: Booking confirmed ✅ 17 jan 6 AM to 6 PM 2 Person Only Room + Kitchen Rent: ₹2200 Deposit: ₹2000 Total payment: ₹4200 Advance received: ₹1000 | C30: 45308.25 | D30: 45308.25 | E30: 45308.75 | F30: 45308.75 | G30: 2200 | H30: 2 | I30: 45305 | J30: 0.9247338 | K30: =IF(L30>24, IF(H30=2,"Couple Extended Day","Extended Day"), IF(L30<=12, IF(AND(MOD(D30,1)>=TIME(6,0,0),MOD(D30,1)<TIME(18,0,0)), IF(H30=2,"Couple Half Day","12H Day"), IF(H30=2,"Couple Half Night","12H Night")), IF(L30<=24, IF(AND(MOD(D30,1)>=TIME(6,0,0),MOD(D30,1)<TIME(18,0,0)), IF(H30=2,"Couple Full Day","24H Day"), IF(H30=2,"Couple Full Night","24H Night")), "Check Data"))) -> Couple Half Day | L30: =((INT(E30)+MOD(F30,1))-(INT(C30)+MOD(D30,1)))*24 -> 12 | M30: =IFERROR(INDEX(Sheet3!$B$2:$B$500,MATCH(1,(INT(C30)+MOD(D30,1)<INT(Sheet3!$A$2:$A$500)+TIME(18,0,0))*(INT(E30)+MOD(F30,1)>=INT(Sheet3!$A$2:$A$500)),0)),0) -> 0 | N30: =IF(OR( AND(Q30=6,D30>=TIME(17,0,0),OR(K30="12H Night",K30="Couple Half Night",K30="24H Night",K30="Couple Full Night")), AND(Q30=7,D30>=TIME(6,0,0),D30<TIME(12,0,0),OR(K30="12H Day",K30="Couple Half Day",K30="24H Day",K30="Couple Full Day")) ),1,0) -> 0 | O30: =IF(OR( AND(MONTH(C30)=12,DAY(C30)>=26), AND(MONTH(C30)=4,DAY(C30)>=15), MONTH(C30)=5, AND(MONTH(C30)=6,DAY(C30)<=10) ),1,0) -> 0 | P30: =IF(OR(MONTH(C30)=3,MONTH(C30)=4,MONTH(C30)=5,MONTH(C30)=6), "Summer", IF(OR(MONTH(C30)=7,MONTH(C30)=8,MONTH(C30)=9,MONTH(C30)=10), "Monsoon", "Winter")) -> Winter | Q30: =WEEKDAY(C30,2) -> 3 | R30: =ROUNDDOWN(((INT(C30)+MOD(D30,1))-(INT(I30)+MOD(J30,1))),0) -> 2
A31: Farm booked by Anand | B31: 18 Jan 10 AM to 4 PM 2 Person Full facilities Rent: ₹2200 Deposit: ₹2000 Total payment: ₹4200 ₹2000 refund after check out. | C31: 45309.417 | D31: 45309.417 | E31: 45309.667 | F31: 45309.667 | G31: 2200 | H31: 2 | I31: 45306 | J31: 0.66993056 | K31: =IF(L31>24, IF(H31=2,"Couple Extended Day","Extended Day"), IF(L31<=12, IF(AND(MOD(D31,1)>=TIME(6,0,0),MOD(D31,1)<TIME(18,0,0)), IF(H31=2,"Couple Half Day","12H Day"), IF(H31=2,"Couple Half Night","12H Night")), IF(L31<=24, IF(AND(MOD(D31,1)>=TIME(6,0,0),MOD(D31,1)<TIME(18,0,0)), IF(H31=2,"Couple Full Day","24H Day"), IF(H31=2,"Couple Full Night","24H Night")), "Check Data"))) -> Couple Half Day | L31: =((INT(E31)+MOD(F31,1))-(INT(C31)+MOD(D31,1)))*24 -> 6 | M31: =IFERROR(INDEX(Sheet3!$B$2:$B$500,MATCH(1,(INT(C31)+MOD(D31,1)<INT(Sheet3!$A$2:$A$500)+TIME(18,0,0))*(INT(E31)+MOD(F31,1)>=INT(Sheet3!$A$2:$A$500)),0)),0) -> 0 | N31: =IF(OR( AND(Q31=6,D31>=TIME(17,0,0),OR(K31="12H Night",K31="Couple Half Night",K31="24H Night",K31="Couple Full Night")), AND(Q31=7,D31>=TIME(6,0,0),D31<TIME(12,0,0),OR(K31="12H Day",K31="Couple Half Day",K31="24H Day",K31="Couple Full Day")) ),1,0) -> 0 | O31: =IF(OR( AND(MONTH(C31)=12,DAY(C31)>=26), AND(MONTH(C31)=4,DAY(C31)>=15), MONTH(C31)=5, AND(MONTH(C31)=6,DAY(C31)<=10) ),1,0) -> 0 | P31: =IF(OR(MONTH(C31)=3,MONTH(C31)=4,MONTH(C31)=5,MONTH(C31)=6), "Summer", IF(OR(MONTH(C31)=7,MONTH(C31)=8,MONTH(C31)=9,MONTH(C31)=10), "Monsoon", "Winter")) -> Winter | Q31: =WEEKDAY(C31,2) -> 4 | R31: =ROUNDDOWN(((INT(C31)+MOD(D31,1))-(INT(I31)+MOD(J31,1))),0) -> 2
A32: Farm booked by Priyank | B32: 21 Jan 9 PM to 22 Jan 12PM 10 Person Rent: ₹3000 Deposit: ₹2000 Total payment: ₹5000 ₹2000 refund after check out ₹1000 received | C32: 45312.792 | D32: 45312.792 | E32: 45313.75 | F32: 45313.75 | G32: 3000 | H32: 10 | I32: 45311 | J32: 0.9087037 | K32: =IF(L32>24, IF(H32=2,"Couple Extended Day","Extended Day"), IF(L32<=12, IF(AND(MOD(D32,1)>=TIME(6,0,0),MOD(D32,1)<TIME(18,0,0)), IF(H32=2,"Couple Half Day","12H Day"), IF(H32=2,"Couple Half Night","12H Night")), IF(L32<=24, IF(AND(MOD(D32,1)>=TIME(6,0,0),MOD(D32,1)<TIME(18,0,0)), IF(H32=2,"Couple Full Day","24H Day"), IF(H32=2,"Couple Full Night","24H Night")), "Check Data"))) -> 24H Night | L32: =((INT(E32)+MOD(F32,1))-(INT(C32)+MOD(D32,1)))*24 -> 23 | M32: =IFERROR(INDEX(Sheet3!$B$2:$B$500,MATCH(1,(INT(C32)+MOD(D32,1)<INT(Sheet3!$A$2:$A$500)+TIME(18,0,0))*(INT(E32)+MOD(F32,1)>=INT(Sheet3!$A$2:$A$500)),0)),0) -> 0 | N32: =IF(OR( AND(Q32=6,D32>=TIME(17,0,0),OR(K32="12H Night",K32="Couple Half Night",K32="24H Night",K32="Couple Full Night")), AND(Q32=7,D32>=TIME(6,0,0),D32<TIME(12,0,0),OR(K32="12H Day",K32="Couple Half Day",K32="24H Day",K32="Couple Full Day")) ),1,0) -> 0 | O32: =IF(OR( AND(MONTH(C32)=12,DAY(C32)>=26), AND(MONTH(C32)=4,DAY(C32)>=15), MONTH(C32)=5, AND(MONTH(C32)=6,DAY(C32)<=10) ),1,0) -> 0 | P32: =IF(OR(MONTH(C32)=3,MONTH(C32)=4,MONTH(C32)=5,MONTH(C32)=6), "Summer", IF(OR(MONTH(C32)=7,MONTH(C32)=8,MONTH(C32)=9,MONTH(C32)=10), "Monsoon", "Winter")) -> Winter | Q32: =WEEKDAY(C32,2) -> 7 | R32: =ROUNDDOWN(((INT(C32)+MOD(D32,1))-(INT(I32)+MOD(J32,1))),0) -> 0
A33: Farm booked by Nikunj | B33: 22 Jan 12PM to 6PM 4 Person Full Facilities with JBL Sound system Rent: ₹2500 Deposit: ₹2000 Total Payment: ₹4500 ₹2000 refund after checkout Payment Received: ₹2000 Pending: ₹2500 | C33: 45313.5 | D33: 45313.5 | E33: 45313.75 | F33: 45313.75 | G33: 2500 | H33: 4 | I33: 45313 | J33: 0.46983796 | K33: =IF(L33>24, IF(H33=2,"Couple Extended Day","Extended Day"), IF(L33<=12, IF(AND(MOD(D33,1)>=TIME(6,0,0),MOD(D33,1)<TIME(18,0,0)), IF(H33=2,"Couple Half Day","12H Day"), IF(H33=2,"Couple Half Night","12H Night")), IF(L33<=24, IF(AND(MOD(D33,1)>=TIME(6,0,0),MOD(D33,1)<TIME(18,0,0)), IF(H33=2,"Couple Full Day","24H Day"), IF(H33=2,"Couple Full Night","24H Night")), "Check Data"))) -> 12H Day | L33: =((INT(E33)+MOD(F33,1))-(INT(C33)+MOD(D33,1)))*24 -> 6 | M33: =IFERROR(INDEX(Sheet3!$B$2:$B$500,MATCH(1,(INT(C33)+MOD(D33,1)<INT(Sheet3!$A$2:$A$500)+TIME(18,0,0))*(INT(E33)+MOD(F33,1)>=INT(Sheet3!$A$2:$A$500)),0)),0) -> 0 | N33: =IF(OR( AND(Q33=6,D33>=TIME(17,0,0),OR(K33="12H Night",K33="Couple Half Night",K33="24H Night",K33="Couple Full Night")), AND(Q33=7,D33>=TIME(6,0,0),D33<TIME(12,0,0),OR(K33="12H Day",K33="Couple Half Day",K33="24H Day",K33="Couple Full Day")) ),1,0) -> 0 | O33: =IF(OR( AND(MONTH(C33)=12,DAY(C33)>=26), AND(MONTH(C33)=4,DAY(C33)>=15), MONTH(C33)=5, AND(MONTH(C33)=6,DAY(C33)<=10) ),1,0) -> 0 | P33: =IF(OR(MONTH(C33)=3,MONTH(C33)=4,MONTH(C33)=5,MONTH(C33)=6), "Summer", IF(OR(MONTH(C33)=7,MONTH(C33)=8,MONTH(C33)=9,MONTH(C33)=10), "Monsoon", "Winter")) -> Winter | Q33: =WEEKDAY(C33,2) -> 1 | R33: =ROUNDDOWN(((INT(C33)+MOD(D33,1))-(INT(I33)+MOD(J33,1))),0) -> 0
A34: Farm booked by Vishal | B34: 24 Jan 6 AM to 6 PM 10 Person Rent: ₹2200 Deposit: ₹2000 Total Payment: ₹4200 ₹2000 received | C34: 45315.25 | D34: 45315.25 | E34: 45315.75 | F34: 45315.75 | G34: 2200 | H34: 10 | I34: 45313 | J34: 0.68981481 | K34: =IF(L34>24, IF(H34=2,"Couple Extended Day","Extended Day"), IF(L34<=12, IF(AND(MOD(D34,1)>=TIME(6,0,0),MOD(D34,1)<TIME(18,0,0)), IF(H34=2,"Couple Half Day","12H Day"), IF(H34=2,"Couple Half Night","12H Night")), IF(L34<=24, IF(AND(MOD(D34,1)>=TIME(6,0,0),MOD(D34,1)<TIME(18,0,0)), IF(H34=2,"Couple Full Day","24H Day"), IF(H34=2,"Couple Full Night","24H Night")), "Check Data"))) -> 12H Day | L34: =((INT(E34)+MOD(F34,1))-(INT(C34)+MOD(D34,1)))*24 -> 12 | M34: =IFERROR(INDEX(Sheet3!$B$2:$B$500,MATCH(1,(INT(C34)+MOD(D34,1)<INT(Sheet3!$A$2:$A$500)+TIME(18,0,0))*(INT(E34)+MOD(F34,1)>=INT(Sheet3!$A$2:$A$500)),0)),0) -> 0 | N34: =IF(OR( AND(Q34=6,D34>=TIME(17,0,0),OR(K34="12H Night",K34="Couple Half Night",K34="24H Night",K34="Couple Full Night")), AND(Q34=7,D34>=TIME(6,0,0),D34<TIME(12,0,0),OR(K34="12H Day",K34="Couple Half Day",K34="24H Day",K34="Couple Full Day")) ),1,0) -> 0 | O34: =IF(OR( AND(MONTH(C34)=12,DAY(C34)>=26), AND(MONTH(C34)=4,DAY(C34)>=15), MONTH(C34)=5, AND(MONTH(C34)=6,DAY(C34)<=10) ),1,0) -> 0 | P34: =IF(OR(MONTH(C34)=3,MONTH(C34)=4,MONTH(C34)=5,MONTH(C34)=6), "Summer", IF(OR(MONTH(C34)=7,MONTH(C34)=8,MONTH(C34)=9,MONTH(C34)=10), "Monsoon", "Winter")) -> Winter | Q34: =WEEKDAY(C34,2) -> 3 | R34: =ROUNDDOWN(((INT(C34)+MOD(D34,1))-(INT(I34)+MOD(J34,1))),0) -> 1
A35: Farm booked by Jay - Partial payment | B35: 25 Jan 9 AM to 5 PM 4 Person Only Room Rent: ₹1500 Deposit: ₹2000 Total payment: ₹3500 ₹2000 refund after check out. | C35: 45316.375 | D35: 45316.375 | E35: 45316.708 | F35: 0 | G35: 1500 | H35: 4 | I35: 45316 | J35: 0.42190972 | K35: =IF(L35>24, IF(H35=2,"Couple Extended Day","Extended Day"), IF(L35<=12, IF(AND(MOD(D35,1)>=TIME(6,0,0),MOD(D35,1)<TIME(18,0,0)), IF(H35=2,"Couple Half Day","12H Day"), IF(H35=2,"Couple Half Night","12H Night")), IF(L35<=24, IF(AND(MOD(D35,1)>=TIME(6,0,0),MOD(D35,1)<TIME(18,0,0)), IF(H35=2,"Couple Full Day","24H Day"), IF(H35=2,"Couple Full Night","24H Night")), "Check Data"))) -> 12H Day | L35: =((INT(E35)+MOD(F35,1))-(INT(C35)+MOD(D35,1)))*24 -> -9 | M35: =IFERROR(INDEX(Sheet3!$B$2:$B$500,MATCH(1,(INT(C35)+MOD(D35,1)<INT(Sheet3!$A$2:$A$500)+TIME(18,0,0))*(INT(E35)+MOD(F35,1)>=INT(Sheet3!$A$2:$A$500)),0)),0) -> 0 | N35: =IF(OR( AND(Q35=6,D35>=TIME(17,0,0),OR(K35="12H Night",K35="Couple Half Night",K35="24H Night",K35="Couple Full Night")), AND(Q35=7,D35>=TIME(6,0,0),D35<TIME(12,0,0),OR(K35="12H Day",K35="Couple Half Day",K35="24H Day",K35="Couple Full Day")) ),1,0) -> 0 | O35: =IF(OR( AND(MONTH(C35)=12,DAY(C35)>=26), AND(MONTH(C35)=4,DAY(C35)>=15), MONTH(C35)=5, AND(MONTH(C35)=6,DAY(C35)<=10) ),1,0) -> 0 | P35: =IF(OR(MONTH(C35)=3,MONTH(C35)=4,MONTH(C35)=5,MONTH(C35)=6), "Summer", IF(OR(MONTH(C35)=7,MONTH(C35)=8,MONTH(C35)=9,MONTH(C35)=10), "Monsoon", "Winter")) -> Winter | Q35: =WEEKDAY(C35,2) -> 4 | R35: =ROUNDDOWN(((INT(C35)+MOD(D35,1))-(INT(I35)+MOD(J35,1))),0) -> 0
A36: Farm booked by Neel - Partial payment | B36: 26Jan 6 PM to 27 Jan 4 PM 10 Person Full facilities with sound system Rent: 3500 Deposit: 2000 Amount received: ₹1000 | C36: 45317.792 | D36: 45317.792 | E36: 45318.75 | F36: 45318.75 | G36: 3500 | H36: 10 | I36: 45304 | J36: 0.62516204 | K36: =IF(L36>24, IF(H36=2,"Couple Extended Day","Extended Day"), IF(L36<=12, IF(AND(MOD(D36,1)>=TIME(6,0,0),MOD(D36,1)<TIME(18,0,0)), IF(H36=2,"Couple Half Day","12H Day"), IF(H36=2,"Couple Half Night","12H Night")), IF(L36<=24, IF(AND(MOD(D36,1)>=TIME(6,0,0),MOD(D36,1)<TIME(18,0,0)), IF(H36=2,"Couple Full Day","24H Day"), IF(H36=2,"Couple Full Night","24H Night")), "Check Data"))) -> 24H Night | L36: =((INT(E36)+MOD(F36,1))-(INT(C36)+MOD(D36,1)))*24 -> 23 | M36: =IFERROR(INDEX(Sheet3!$B$2:$B$500,MATCH(1,(INT(C36)+MOD(D36,1)<INT(Sheet3!$A$2:$A$500)+TIME(18,0,0))*(INT(E36)+MOD(F36,1)>=INT(Sheet3!$A$2:$A$500)),0)),0) -> 0 | N36: =IF(OR( AND(Q36=6,D36>=TIME(17,0,0),OR(K36="12H Night",K36="Couple Half Night",K36="24H Night",K36="Couple Full Night")), AND(Q36=7,D36>=TIME(6,0,0),D36<TIME(12,0,0),OR(K36="12H Day",K36="Couple Half Day",K36="24H Day",K36="Couple Full Day")) ),1,0) -> 0 | O36: =IF(OR( AND(MONTH(C36)=12,DAY(C36)>=26), AND(MONTH(C36)=4,DAY(C36)>=15), MONTH(C36)=5, AND(MONTH(C36)=6,DAY(C36)<=10) ),1,0) -> 0 | P36: =IF(OR(MONTH(C36)=3,MONTH(C36)=4,MONTH(C36)=5,MONTH(C36)=6), "Summer", IF(OR(MONTH(C36)=7,MONTH(C36)=8,MONTH(C36)=9,MONTH(C36)=10), "Monsoon", "Winter")) -> Winter | Q36: =WEEKDAY(C36,2) -> 5 | R36: =ROUNDDOWN(((INT(C36)+MOD(D36,1))-(INT(I36)+MOD(J36,1))),0) -> 13
A37: Farm booked by Parimal - Partial Payment | B37: 27/1 4:00 PM to 28/1 8:00 PM 17 Person Rent: ₹6000 Deposit: ₹2000 Total payment before check in: ₹8000 ₹2000 refundable within 24 hours of check out. Amount paid: ₹1000 Your booking is confirmed | C37: 45318.792 | D37: 45318.792 | E37: 45319.75 | F37: 45319.75 | G37: 6000 | H37: 17 | I37: 45299 | J37: 0.88760417 | K37: =IF(L37>24, IF(H37=2,"Couple Extended Day","Extended Day"), IF(L37<=12, IF(AND(MOD(D37,1)>=TIME(6,0,0),MOD(D37,1)<TIME(18,0,0)), IF(H37=2,"Couple Half Day","12H Day"), IF(H37=2,"Couple Half Night","12H Night")), IF(L37<=24, IF(AND(MOD(D37,1)>=TIME(6,0,0),MOD(D37,1)<TIME(18,0,0)), IF(H37=2,"Couple Full Day","24H Day"), IF(H37=2,"Couple Full Night","24H Night")), "Check Data"))) -> 24H Night | L37: =((INT(E37)+MOD(F37,1))-(INT(C37)+MOD(D37,1)))*24 -> 23 | M37: =IFERROR(INDEX(Sheet3!$B$2:$B$500,MATCH(1,(INT(C37)+MOD(D37,1)<INT(Sheet3!$A$2:$A$500)+TIME(18,0,0))*(INT(E37)+MOD(F37,1)>=INT(Sheet3!$A$2:$A$500)),0)),0) -> 0 | N37: =IF(OR( AND(Q37=6,D37>=TIME(17,0,0),OR(K37="12H Night",K37="Couple Half Night",K37="24H Night",K37="Couple Full Night")), AND(Q37=7,D37>=TIME(6,0,0),D37<TIME(12,0,0),OR(K37="12H Day",K37="Couple Half Day",K37="24H Day",K37="Couple Full Day")) ),1,0) -> 1 | O37: =IF(OR( AND(MONTH(C37)=12,DAY(C37)>=26), AND(MONTH(C37)=4,DAY(C37)>=15), MONTH(C37)=5, AND(MONTH(C37)=6,DAY(C37)<=10) ),1,0) -> 0 | P37: =IF(OR(MONTH(C37)=3,MONTH(C37)=4,MONTH(C37)=5,MONTH(C37)=6), "Summer", IF(OR(MONTH(C37)=7,MONTH(C37)=8,MONTH(C37)=9,MONTH(C37)=10), "Monsoon", "Winter")) -> Winter | Q37: =WEEKDAY(C37,2) -> 6 | R37: =ROUNDDOWN(((INT(C37)+MOD(D37,1))-(INT(I37)+MOD(J37,1))),0) -> 18
A38: Farm booked by Suresh | B38: Guest name: Dhaval 30 Jan 6PM to 2 Feb 6PM 3 Night - 3 Days 4 Person Full facilities with JBL sound system Rent: ₹8000 Deposit: 2000 Payment Received: ₹10000 | C38: 45321.75 | D38: 45321.75 | E38: 45324.75 | F38: 45324.75 | G38: 8000 | H38: 4 | I38: 45321 | J38: 0.81694444 | K38: =IF(L38>24, IF(H38=2,"Couple Extended Day","Extended Day"), IF(L38<=12, IF(AND(MOD(D38,1)>=TIME(6,0,0),MOD(D38,1)<TIME(18,0,0)), IF(H38=2,"Couple Half Day","12H Day"), IF(H38=2,"Couple Half Night","12H Night")), IF(L38<=24, IF(AND(MOD(D38,1)>=TIME(6,0,0),MOD(D38,1)<TIME(18,0,0)), IF(H38=2,"Couple Full Day","24H Day"), IF(H38=2,"Couple Full Night","24H Night")), "Check Data"))) -> Extended Day | L38: =((INT(E38)+MOD(F38,1))-(INT(C38)+MOD(D38,1)))*24 -> 72 | M38: =IFERROR(INDEX(Sheet3!$B$2:$B$500,MATCH(1,(INT(C38)+MOD(D38,1)<INT(Sheet3!$A$2:$A$500)+TIME(18,0,0))*(INT(E38)+MOD(F38,1)>=INT(Sheet3!$A$2:$A$500)),0)),0) -> 0 | N38: =IF(OR( AND(Q38=6,D38>=TIME(17,0,0),OR(K38="12H Night",K38="Couple Half Night",K38="24H Night",K38="Couple Full Night")), AND(Q38=7,D38>=TIME(6,0,0),D38<TIME(12,0,0),OR(K38="12H Day",K38="Couple Half Day",K38="24H Day",K38="Couple Full Day")) ),1,0) -> 0 | O38: =IF(OR( AND(MONTH(C38)=12,DAY(C38)>=26), AND(MONTH(C38)=4,DAY(C38)>=15), MONTH(C38)=5, AND(MONTH(C38)=6,DAY(C38)<=10) ),1,0) -> 0 | P38: =IF(OR(MONTH(C38)=3,MONTH(C38)=4,MONTH(C38)=5,MONTH(C38)=6), "Summer", IF(OR(MONTH(C38)=7,MONTH(C38)=8,MONTH(C38)=9,MONTH(C38)=10), "Monsoon", "Winter")) -> Winter | Q38: =WEEKDAY(C38,2) -> 2 | R38: =ROUNDDOWN(((INT(C38)+MOD(D38,1))-(INT(I38)+MOD(J38,1))),0) -> 0
A39: Farm booked by Nirmal | B39: No rent - relative Rent: 0 | C39: 45324.792 | D39: 45324.792 | E39: 45325.75 | F39: 45325.75 | G39: 0 | I39: 45322 | J39: 0.62148148 | K39: =IF(L39>24, IF(H39=2,"Couple Extended Day","Extended Day"), IF(L39<=12, IF(AND(MOD(D39,1)>=TIME(6,0,0),MOD(D39,1)<TIME(18,0,0)), IF(H39=2,"Couple Half Day","12H Day"), IF(H39=2,"Couple Half Night","12H Night")), IF(L39<=24, IF(AND(MOD(D39,1)>=TIME(6,0,0),MOD(D39,1)<TIME(18,0,0)), IF(H39=2,"Couple Full Day","24H Day"), IF(H39=2,"Couple Full Night","24H Night")), "Check Data"))) -> 24H Night | L39: =((INT(E39)+MOD(F39,1))-(INT(C39)+MOD(D39,1)))*24 -> 23 | M39: =IFERROR(INDEX(Sheet3!$B$2:$B$500,MATCH(1,(INT(C39)+MOD(D39,1)<INT(Sheet3!$A$2:$A$500)+TIME(18,0,0))*(INT(E39)+MOD(F39,1)>=INT(Sheet3!$A$2:$A$500)),0)),0) -> 0 | N39: =IF(OR( AND(Q39=6,D39>=TIME(17,0,0),OR(K39="12H Night",K39="Couple Half Night",K39="24H Night",K39="Couple Full Night")), AND(Q39=7,D39>=TIME(6,0,0),D39<TIME(12,0,0),OR(K39="12H Day",K39="Couple Half Day",K39="24H Day",K39="Couple Full Day")) ),1,0) -> 0 | O39: =IF(OR( AND(MONTH(C39)=12,DAY(C39)>=26), AND(MONTH(C39)=4,DAY(C39)>=15), MONTH(C39)=5, AND(MONTH(C39)=6,DAY(C39)<=10) ),1,0) -> 0 | P39: =IF(OR(MONTH(C39)=3,MONTH(C39)=4,MONTH(C39)=5,MONTH(C39)=6), "Summer", IF(OR(MONTH(C39)=7,MONTH(C39)=8,MONTH(C39)=9,MONTH(C39)=10), "Monsoon", "Winter")) -> Winter | Q39: =WEEKDAY(C39,2) -> 5 | R39: =ROUNDDOWN(((INT(C39)+MOD(D39,1))-(INT(I39)+MOD(J39,1))),0) -> 2
A40: Farm booked by Neel | B40: 3 Feb 6 PM to 4 Feb 9 AM 15 hours 10 Person Rent: ₹3000 Deposit: ₹2000 Pay Advance on this number to confirm booking. | C40: 45325.833 | D40: 0 | E40: 45326.333 | F40: 0 | G40: 3000 | H40: 10 | I40: 45325 | J40: 0.64519676 | K40: =IF(L40>24, IF(H40=2,"Couple Extended Day","Extended Day"), IF(L40<=12, IF(AND(MOD(D40,1)>=TIME(6,0,0),MOD(D40,1)<TIME(18,0,0)), IF(H40=2,"Couple Half Day","12H Day"), IF(H40=2,"Couple Half Night","12H Night")), IF(L40<=24, IF(AND(MOD(D40,1)>=TIME(6,0,0),MOD(D40,1)<TIME(18,0,0)), IF(H40=2,"Couple Full Day","24H Day"), IF(H40=2,"Couple Full Night","24H Night")), "Check Data"))) -> 24H Night | L40: =((INT(E40)+MOD(F40,1))-(INT(C40)+MOD(D40,1)))*24 -> 24 | M40: =IFERROR(INDEX(Sheet3!$B$2:$B$500,MATCH(1,(INT(C40)+MOD(D40,1)<INT(Sheet3!$A$2:$A$500)+TIME(18,0,0))*(INT(E40)+MOD(F40,1)>=INT(Sheet3!$A$2:$A$500)),0)),0) -> 0 | N40: =IF(OR( AND(Q40=6,D40>=TIME(17,0,0),OR(K40="12H Night",K40="Couple Half Night",K40="24H Night",K40="Couple Full Night")), AND(Q40=7,D40>=TIME(6,0,0),D40<TIME(12,0,0),OR(K40="12H Day",K40="Couple Half Day",K40="24H Day",K40="Couple Full Day")) ),1,0) -> 0 | O40: =IF(OR( AND(MONTH(C40)=12,DAY(C40)>=26), AND(MONTH(C40)=4,DAY(C40)>=15), MONTH(C40)=5, AND(MONTH(C40)=6,DAY(C40)<=10) ),1,0) -> 0 | P40: =IF(OR(MONTH(C40)=3,MONTH(C40)=4,MONTH(C40)=5,MONTH(C40)=6), "Summer", IF(OR(MONTH(C40)=7,MONTH(C40)=8,MONTH(C40)=9,MONTH(C40)=10), "Monsoon", "Winter")) -> Winter | Q40: =WEEKDAY(C40,2) -> 6 | R40: =ROUNDDOWN(((INT(C40)+MOD(D40,1))-(INT(I40)+MOD(J40,1))),0) -> 0 | U40: s
A41: Farm booked by Nandan | B41: Tomorrow 10 AM to 10 PM 5 Person Full facilities with JBL sound system Rent: ₹3300 Deposit: ₹2000 Deposit refund after check out Advance received: ₹1000 No Cash - online only. | C41: 45326.417 | D41: 45326.417 | E41: 45326.917 | F41: 45326.917 | G41: 3300 | H41: 5 | I41: 45325 | J41: 0.75166667 | K41: =IF(L41>24, IF(H41=2,"Couple Extended Day","Extended Day"), IF(L41<=12, IF(AND(MOD(D41,1)>=TIME(6,0,0),MOD(D41,1)<TIME(18,0,0)), IF(H41=2,"Couple Half Day","12H Day"), IF(H41=2,"Couple Half Night","12H Night")), IF(L41<=24, IF(AND(MOD(D41,1)>=TIME(6,0,0),MOD(D41,1)<TIME(18,0,0)), IF(H41=2,"Couple Full Day","24H Day"), IF(H41=2,"Couple Full Night","24H Night")), "Check Data"))) -> 12H Day | L41: =((INT(E41)+MOD(F41,1))-(INT(C41)+MOD(D41,1)))*24 -> 12 | M41: =IFERROR(INDEX(Sheet3!$B$2:$B$500,MATCH(1,(INT(C41)+MOD(D41,1)<INT(Sheet3!$A$2:$A$500)+TIME(18,0,0))*(INT(E41)+MOD(F41,1)>=INT(Sheet3!$A$2:$A$500)),0)),0) -> 0 | N41: =IF(OR( AND(Q41=6,D41>=TIME(17,0,0),OR(K41="12H Night",K41="Couple Half Night",K41="24H Night",K41="Couple Full Night")), AND(Q41=7,D41>=TIME(6,0,0),D41<TIME(12,0,0),OR(K41="12H Day",K41="Couple Half Day",K41="24H Day",K41="Couple Full Day")) ),1,0) -> 0 | O41: =IF(OR( AND(MONTH(C41)=12,DAY(C41)>=26), AND(MONTH(C41)=4,DAY(C41)>=15), MONTH(C41)=5, AND(MONTH(C41)=6,DAY(C41)<=10) ),1,0) -> 0 | P41: =IF(OR(MONTH(C41)=3,MONTH(C41)=4,MONTH(C41)=5,MONTH(C41)=6), "Summer", IF(OR(MONTH(C41)=7,MONTH(C41)=8,MONTH(C41)=9,MONTH(C41)=10), "Monsoon", "Winter")) -> Winter | Q41: =WEEKDAY(C41,2) -> 7 | R41: =ROUNDDOWN(((INT(C41)+MOD(D41,1))-(INT(I41)+MOD(J41,1))),0) -> 0
A42: Farm booked by Ronit | B42: 6 Feb 8 AM to 8 PM 8 Person Rent: ₹2500 Deposit: ₹2000 Received: ₹500 | C42: 45328.333 | D42: 0 | E42: 45328.833 | F42: 0 | G42: 2500 | H42: 8 | I42: 45327 | J42: 0.69965278 | K42: =IF(L42>24, IF(H42=2,"Couple Extended Day","Extended Day"), IF(L42<=12, IF(AND(MOD(D42,1)>=TIME(6,0,0),MOD(D42,1)<TIME(18,0,0)), IF(H42=2,"Couple Half Day","12H Day"), IF(H42=2,"Couple Half Night","12H Night")), IF(L42<=24, IF(AND(MOD(D42,1)>=TIME(6,0,0),MOD(D42,1)<TIME(18,0,0)), IF(H42=2,"Couple Full Day","24H Day"), IF(H42=2,"Couple Full Night","24H Night")), "Check Data"))) -> 12H Night | L42: =((INT(E42)+MOD(F42,1))-(INT(C42)+MOD(D42,1)))*24 -> 0 | M42: =IFERROR(INDEX(Sheet3!$B$2:$B$500,MATCH(1,(INT(C42)+MOD(D42,1)<INT(Sheet3!$A$2:$A$500)+TIME(18,0,0))*(INT(E42)+MOD(F42,1)>=INT(Sheet3!$A$2:$A$500)),0)),0) -> 0 | N42: =IF(OR( AND(Q42=6,D42>=TIME(17,0,0),OR(K42="12H Night",K42="Couple Half Night",K42="24H Night",K42="Couple Full Night")), AND(Q42=7,D42>=TIME(6,0,0),D42<TIME(12,0,0),OR(K42="12H Day",K42="Couple Half Day",K42="24H Day",K42="Couple Full Day")) ),1,0) -> 0 | O42: =IF(OR( AND(MONTH(C42)=12,DAY(C42)>=26), AND(MONTH(C42)=4,DAY(C42)>=15), MONTH(C42)=5, AND(MONTH(C42)=6,DAY(C42)<=10) ),1,0) -> 0 | P42: =IF(OR(MONTH(C42)=3,MONTH(C42)=4,MONTH(C42)=5,MONTH(C42)=6), "Summer", IF(OR(MONTH(C42)=7,MONTH(C42)=8,MONTH(C42)=9,MONTH(C42)=10), "Monsoon", "Winter")) -> Winter | Q42: =WEEKDAY(C42,2) -> 2 | R42: =ROUNDDOWN(((INT(C42)+MOD(D42,1))-(INT(I42)+MOD(J42,1))),0) -> 0
A43: Farm booked by Dipak | B43: 6 Feb 9PM to 7 Feb 8:30 AM 8 Person Full facility with swimming pool and sound system Rent: ₹2200 Deposit: ₹2000 Deposit refund after check out | C43: 45328.875 | D43: 45328.875 | E43: 45329.354 | F43: 45329.354 | G43: 2200 | H43: 8 | I43: 45328 | J43: 0.96868056 | K43: =IF(L43>24, IF(H43=2,"Couple Extended Day","Extended Day"), IF(L43<=12, IF(AND(MOD(D43,1)>=TIME(6,0,0),MOD(D43,1)<TIME(18,0,0)), IF(H43=2,"Couple Half Day","12H Day"), IF(H43=2,"Couple Half Night","12H Night")), IF(L43<=24, IF(AND(MOD(D43,1)>=TIME(6,0,0),MOD(D43,1)<TIME(18,0,0)), IF(H43=2,"Couple Full Day","24H Day"), IF(H43=2,"Couple Full Night","24H Night")), "Check Data"))) -> 12H Night | L43: =((INT(E43)+MOD(F43,1))-(INT(C43)+MOD(D43,1)))*24 -> 11.5 | M43: =IFERROR(INDEX(Sheet3!$B$2:$B$500,MATCH(1,(INT(C43)+MOD(D43,1)<INT(Sheet3!$A$2:$A$500)+TIME(18,0,0))*(INT(E43)+MOD(F43,1)>=INT(Sheet3!$A$2:$A$500)),0)),0) -> 0 | N43: =IF(OR( AND(Q43=6,D43>=TIME(17,0,0),OR(K43="12H Night",K43="Couple Half Night",K43="24H Night",K43="Couple Full Night")), AND(Q43=7,D43>=TIME(6,0,0),D43<TIME(12,0,0),OR(K43="12H Day",K43="Couple Half Day",K43="24H Day",K43="Couple Full Day")) ),1,0) -> 0 | O43: =IF(OR( AND(MONTH(C43)=12,DAY(C43)>=26), AND(MONTH(C43)=4,DAY(C43)>=15), MONTH(C43)=5, AND(MONTH(C43)=6,DAY(C43)<=10) ),1,0) -> 0 | P43: =IF(OR(MONTH(C43)=3,MONTH(C43)=4,MONTH(C43)=5,MONTH(C43)=6), "Summer", IF(OR(MONTH(C43)=7,MONTH(C43)=8,MONTH(C43)=9,MONTH(C43)=10), "Monsoon", "Winter")) -> Winter | Q43: =WEEKDAY(C43,2) -> 2 | R43: =ROUNDDOWN(((INT(C43)+MOD(D43,1))-(INT(I43)+MOD(J43,1))),0) -> 0
A44: Farm booked by Abhishek | B44: 7 Feb 12:30 PM to 4:00 PM 2 Person Full facilities - with swimming pool Rent: ₹2000 Deposit: ₹2000 *Deposit refund after check out.* Advance payment ₹1000 to confirm your booking | C44: 45329.521 | D44: 45329.521 | E44: 45329.667 | F44: 45329.667 | G44: 2000 | H44: 2 | I44: 45327 | J44: 0.52380787 | K44: =IF(L44>24, IF(H44=2,"Couple Extended Day","Extended Day"), IF(L44<=12, IF(AND(MOD(D44,1)>=TIME(6,0,0),MOD(D44,1)<TIME(18,0,0)), IF(H44=2,"Couple Half Day","12H Day"), IF(H44=2,"Couple Half Night","12H Night")), IF(L44<=24, IF(AND(MOD(D44,1)>=TIME(6,0,0),MOD(D44,1)<TIME(18,0,0)), IF(H44=2,"Couple Full Day","24H Day"), IF(H44=2,"Couple Full Night","24H Night")), "Check Data"))) -> Couple Half Day | L44: =((INT(E44)+MOD(F44,1))-(INT(C44)+MOD(D44,1)))*24 -> 3.5 | M44: =IFERROR(INDEX(Sheet3!$B$2:$B$500,MATCH(1,(INT(C44)+MOD(D44,1)<INT(Sheet3!$A$2:$A$500)+TIME(18,0,0))*(INT(E44)+MOD(F44,1)>=INT(Sheet3!$A$2:$A$500)),0)),0) -> 0 | N44: =IF(OR( AND(Q44=6,D44>=TIME(17,0,0),OR(K44="12H Night",K44="Couple Half Night",K44="24H Night",K44="Couple Full Night")), AND(Q44=7,D44>=TIME(6,0,0),D44<TIME(12,0,0),OR(K44="12H Day",K44="Couple Half Day",K44="24H Day",K44="Couple Full Day")) ),1,0) -> 0 | O44: =IF(OR( AND(MONTH(C44)=12,DAY(C44)>=26), AND(MONTH(C44)=4,DAY(C44)>=15), MONTH(C44)=5, AND(MONTH(C44)=6,DAY(C44)<=10) ),1,0) -> 0 | P44: =IF(OR(MONTH(C44)=3,MONTH(C44)=4,MONTH(C44)=5,MONTH(C44)=6), "Summer", IF(OR(MONTH(C44)=7,MONTH(C44)=8,MONTH(C44)=9,MONTH(C44)=10), "Monsoon", "Winter")) -> Winter | Q44: =WEEKDAY(C44,2) -> 3 | R44: =ROUNDDOWN(((INT(C44)+MOD(D44,1))-(INT(I44)+MOD(J44,1))),0) -> 1
A45: Farm booked by Atul | B45: 9 Feb 9AM to 3PM 4 Person Full Facility Rent: ₹2000 Deposit: ₹2000 Advance received ✅ : ₹2000 | C45: 45330.375 | D45: 45330.375 | E45: 45330.625 | F45: 45330.625 | G45: 2000 | H45: 4 | I45: 45329 | J45: 0.59606481 | K45: =IF(L45>24, IF(H45=2,"Couple Extended Day","Extended Day"), IF(L45<=12, IF(AND(MOD(D45,1)>=TIME(6,0,0),MOD(D45,1)<TIME(18,0,0)), IF(H45=2,"Couple Half Day","12H Day"), IF(H45=2,"Couple Half Night","12H Night")), IF(L45<=24, IF(AND(MOD(D45,1)>=TIME(6,0,0),MOD(D45,1)<TIME(18,0,0)), IF(H45=2,"Couple Full Day","24H Day"), IF(H45=2,"Couple Full Night","24H Night")), "Check Data"))) -> 12H Day | L45: =((INT(E45)+MOD(F45,1))-(INT(C45)+MOD(D45,1)))*24 -> 6 | M45: =IFERROR(INDEX(Sheet3!$B$2:$B$500,MATCH(1,(INT(C45)+MOD(D45,1)<INT(Sheet3!$A$2:$A$500)+TIME(18,0,0))*(INT(E45)+MOD(F45,1)>=INT(Sheet3!$A$2:$A$500)),0)),0) -> 0 | N45: =IF(OR( AND(Q45=6,D45>=TIME(17,0,0),OR(K45="12H Night",K45="Couple Half Night",K45="24H Night",K45="Couple Full Night")), AND(Q45=7,D45>=TIME(6,0,0),D45<TIME(12,0,0),OR(K45="12H Day",K45="Couple Half Day",K45="24H Day",K45="Couple Full Day")) ),1,0) -> 0 | O45: =IF(OR( AND(MONTH(C45)=12,DAY(C45)>=26), AND(MONTH(C45)=4,DAY(C45)>=15), MONTH(C45)=5, AND(MONTH(C45)=6,DAY(C45)<=10) ),1,0) -> 0 | P45: =IF(OR(MONTH(C45)=3,MONTH(C45)=4,MONTH(C45)=5,MONTH(C45)=6), "Summer", IF(OR(MONTH(C45)=7,MONTH(C45)=8,MONTH(C45)=9,MONTH(C45)=10), "Monsoon", "Winter")) -> Winter | Q45: =WEEKDAY(C45,2) -> 4 | R45: =ROUNDDOWN(((INT(C45)+MOD(D45,1))-(INT(I45)+MOD(J45,1))),0) -> 0
A46: Farm booked by Rajnish | B46: 09-Feb-2024 at 8:00 AM to 09-Feb-2024 at 5:00 PM 4 Persons Rent: ₹2000 Deposit: ₹2000 ₹500 received Deposit Refund after check out. | C46: 45331.333 | D46: 0 | E46: 45331.708 | F46: 0 | G46: 2000 | H46: 4 | I46: 45330 | J46: 0.75917824 | K46: =IF(L46>24, IF(H46=2,"Couple Extended Day","Extended Day"), IF(L46<=12, IF(AND(MOD(D46,1)>=TIME(6,0,0),MOD(D46,1)<TIME(18,0,0)), IF(H46=2,"Couple Half Day","12H Day"), IF(H46=2,"Couple Half Night","12H Night")), IF(L46<=24, IF(AND(MOD(D46,1)>=TIME(6,0,0),MOD(D46,1)<TIME(18,0,0)), IF(H46=2,"Couple Full Day","24H Day"), IF(H46=2,"Couple Full Night","24H Night")), "Check Data"))) -> 12H Night | L46: =((INT(E46)+MOD(F46,1))-(INT(C46)+MOD(D46,1)))*24 -> 0 | M46: =IFERROR(INDEX(Sheet3!$B$2:$B$500,MATCH(1,(INT(C46)+MOD(D46,1)<INT(Sheet3!$A$2:$A$500)+TIME(18,0,0))*(INT(E46)+MOD(F46,1)>=INT(Sheet3!$A$2:$A$500)),0)),0) -> 0 | N46: =IF(OR( AND(Q46=6,D46>=TIME(17,0,0),OR(K46="12H Night",K46="Couple Half Night",K46="24H Night",K46="Couple Full Night")), AND(Q46=7,D46>=TIME(6,0,0),D46<TIME(12,0,0),OR(K46="12H Day",K46="Couple Half Day",K46="24H Day",K46="Couple Full Day")) ),1,0) -> 0 | O46: =IF(OR( AND(MONTH(C46)=12,DAY(C46)>=26), AND(MONTH(C46)=4,DAY(C46)>=15), MONTH(C46)=5, AND(MONTH(C46)=6,DAY(C46)<=10) ),1,0) -> 0 | P46: =IF(OR(MONTH(C46)=3,MONTH(C46)=4,MONTH(C46)=5,MONTH(C46)=6), "Summer", IF(OR(MONTH(C46)=7,MONTH(C46)=8,MONTH(C46)=9,MONTH(C46)=10), "Monsoon", "Winter")) -> Winter | Q46: =WEEKDAY(C46,2) -> 5 | R46: =ROUNDDOWN(((INT(C46)+MOD(D46,1))-(INT(I46)+MOD(J46,1))),0) -> 0
A47: Farm booked by Surya | B47: 10-Feb-2024 at 7:00 PM to 11-Feb-2024 at 1:00 PM 12 Persons Rent: ₹4500 Deposit: ₹2000 Deposit Refund after check out. | C47: 45332.792 | D47: 45332.792 | E47: 45333.75 | F47: 45333.75 | G47: 4500 | H47: 12 | I47: 45331 | J47: 0.64665509 | K47: =IF(L47>24, IF(H47=2,"Couple Extended Day","Extended Day"), IF(L47<=12, IF(AND(MOD(D47,1)>=TIME(6,0,0),MOD(D47,1)<TIME(18,0,0)), IF(H47=2,"Couple Half Day","12H Day"), IF(H47=2,"Couple Half Night","12H Night")), IF(L47<=24, IF(AND(MOD(D47,1)>=TIME(6,0,0),MOD(D47,1)<TIME(18,0,0)), IF(H47=2,"Couple Full Day","24H Day"), IF(H47=2,"Couple Full Night","24H Night")), "Check Data"))) -> 24H Night | L47: =((INT(E47)+MOD(F47,1))-(INT(C47)+MOD(D47,1)))*24 -> 23 | M47: =IFERROR(INDEX(Sheet3!$B$2:$B$500,MATCH(1,(INT(C47)+MOD(D47,1)<INT(Sheet3!$A$2:$A$500)+TIME(18,0,0))*(INT(E47)+MOD(F47,1)>=INT(Sheet3!$A$2:$A$500)),0)),0) -> 0 | N47: =IF(OR( AND(Q47=6,D47>=TIME(17,0,0),OR(K47="12H Night",K47="Couple Half Night",K47="24H Night",K47="Couple Full Night")), AND(Q47=7,D47>=TIME(6,0,0),D47<TIME(12,0,0),OR(K47="12H Day",K47="Couple Half Day",K47="24H Day",K47="Couple Full Day")) ),1,0) -> 1 | O47: =IF(OR( AND(MONTH(C47)=12,DAY(C47)>=26), AND(MONTH(C47)=4,DAY(C47)>=15), MONTH(C47)=5, AND(MONTH(C47)=6,DAY(C47)<=10) ),1,0) -> 0 | P47: =IF(OR(MONTH(C47)=3,MONTH(C47)=4,MONTH(C47)=5,MONTH(C47)=6), "Summer", IF(OR(MONTH(C47)=7,MONTH(C47)=8,MONTH(C47)=9,MONTH(C47)=10), "Monsoon", "Winter")) -> Winter | Q47: =WEEKDAY(C47,2) -> 6 | R47: =ROUNDDOWN(((INT(C47)+MOD(D47,1))-(INT(I47)+MOD(J47,1))),0) -> 1
A48: Farm booked by 14 number | B48: Rent: 7000 paid 1000 | C48: 45334.792 | D48: 45334.792 | E48: 45336.75 | F48: 45336.75 | G48: 7000 | I48: 45296 | J48: 0.63633102 | K48: =IF(L48>24, IF(H48=2,"Couple Extended Day","Extended Day"), IF(L48<=12, IF(AND(MOD(D48,1)>=TIME(6,0,0),MOD(D48,1)<TIME(18,0,0)), IF(H48=2,"Couple Half Day","12H Day"), IF(H48=2,"Couple Half Night","12H Night")), IF(L48<=24, IF(AND(MOD(D48,1)>=TIME(6,0,0),MOD(D48,1)<TIME(18,0,0)), IF(H48=2,"Couple Full Day","24H Day"), IF(H48=2,"Couple Full Night","24H Night")), "Check Data"))) -> Extended Day | L48: =((INT(E48)+MOD(F48,1))-(INT(C48)+MOD(D48,1)))*24 -> 47 | M48: =IFERROR(INDEX(Sheet3!$B$2:$B$500,MATCH(1,(INT(C48)+MOD(D48,1)<INT(Sheet3!$A$2:$A$500)+TIME(18,0,0))*(INT(E48)+MOD(F48,1)>=INT(Sheet3!$A$2:$A$500)),0)),0) -> 0 | N48: =IF(OR( AND(Q48=6,D48>=TIME(17,0,0),OR(K48="12H Night",K48="Couple Half Night",K48="24H Night",K48="Couple Full Night")), AND(Q48=7,D48>=TIME(6,0,0),D48<TIME(12,0,0),OR(K48="12H Day",K48="Couple Half Day",K48="24H Day",K48="Couple Full Day")) ),1,0) -> 0 | O48: =IF(OR( AND(MONTH(C48)=12,DAY(C48)>=26), AND(MONTH(C48)=4,DAY(C48)>=15), MONTH(C48)=5, AND(MONTH(C48)=6,DAY(C48)<=10) ),1,0) -> 0 | P48: =IF(OR(MONTH(C48)=3,MONTH(C48)=4,MONTH(C48)=5,MONTH(C48)=6), "Summer", IF(OR(MONTH(C48)=7,MONTH(C48)=8,MONTH(C48)=9,MONTH(C48)=10), "Monsoon", "Winter")) -> Winter | Q48: =WEEKDAY(C48,2) -> 1 | R48: =ROUNDDOWN(((INT(C48)+MOD(D48,1))-(INT(I48)+MOD(J48,1))),0) -> 38
A49: Farm booked by Bhupendra | B49: 15 Feb 6 AM to 6 PM 4 person Full facilities with JBL sound system Rent: ₹2500 Deposit: ₹2000 Amount received: ₹1000 Pending: ₹3500 Farm number: 11 kevanu gate pr. | C49: 45337.25 | D49: 45337.25 | E49: 45337.75 | F49: 45337.75 | G49: 2500 | H49: 4 | I49: 45326 | J49: 0.71376157 | K49: =IF(L49>24, IF(H49=2,"Couple Extended Day","Extended Day"), IF(L49<=12, IF(AND(MOD(D49,1)>=TIME(6,0,0),MOD(D49,1)<TIME(18,0,0)), IF(H49=2,"Couple Half Day","12H Day"), IF(H49=2,"Couple Half Night","12H Night")), IF(L49<=24, IF(AND(MOD(D49,1)>=TIME(6,0,0),MOD(D49,1)<TIME(18,0,0)), IF(H49=2,"Couple Full Day","24H Day"), IF(H49=2,"Couple Full Night","24H Night")), "Check Data"))) -> 12H Day | L49: =((INT(E49)+MOD(F49,1))-(INT(C49)+MOD(D49,1)))*24 -> 12 | M49: =IFERROR(INDEX(Sheet3!$B$2:$B$500,MATCH(1,(INT(C49)+MOD(D49,1)<INT(Sheet3!$A$2:$A$500)+TIME(18,0,0))*(INT(E49)+MOD(F49,1)>=INT(Sheet3!$A$2:$A$500)),0)),0) -> 0 | N49: =IF(OR( AND(Q49=6,D49>=TIME(17,0,0),OR(K49="12H Night",K49="Couple Half Night",K49="24H Night",K49="Couple Full Night")), AND(Q49=7,D49>=TIME(6,0,0),D49<TIME(12,0,0),OR(K49="12H Day",K49="Couple Half Day",K49="24H Day",K49="Couple Full Day")) ),1,0) -> 0 | O49: =IF(OR( AND(MONTH(C49)=12,DAY(C49)>=26), AND(MONTH(C49)=4,DAY(C49)>=15), MONTH(C49)=5, AND(MONTH(C49)=6,DAY(C49)<=10) ),1,0) -> 0 | P49: =IF(OR(MONTH(C49)=3,MONTH(C49)=4,MONTH(C49)=5,MONTH(C49)=6), "Summer", IF(OR(MONTH(C49)=7,MONTH(C49)=8,MONTH(C49)=9,MONTH(C49)=10), "Monsoon", "Winter")) -> Winter | Q49: =WEEKDAY(C49,2) -> 4 | R49: =ROUNDDOWN(((INT(C49)+MOD(D49,1))-(INT(I49)+MOD(J49,1))),0) -> 10
A50: Booked by Rutvik | B50: 16-Feb-2024 at 10:00 AM to 16-Feb-2024 at 6:00 PM 2 Persons Rent: ₹2700 Deposit: ₹2000 Deposit Refund after check out. | C50: 45338.417 | D50: 45338.417 | E50: 45338.75 | F50: 45338.75 | G50: 2700 | H50: 2 | I50: 45336 | J50: 0.8053125 | K50: =IF(L50>24, IF(H50=2,"Couple Extended Day","Extended Day"), IF(L50<=12, IF(AND(MOD(D50,1)>=TIME(6,0,0),MOD(D50,1)<TIME(18,0,0)), IF(H50=2,"Couple Half Day","12H Day"), IF(H50=2,"Couple Half Night","12H Night")), IF(L50<=24, IF(AND(MOD(D50,1)>=TIME(6,0,0),MOD(D50,1)<TIME(18,0,0)), IF(H50=2,"Couple Full Day","24H Day"), IF(H50=2,"Couple Full Night","24H Night")), "Check Data"))) -> Couple Half Day | L50: =((INT(E50)+MOD(F50,1))-(INT(C50)+MOD(D50,1)))*24 -> 8 | M50: =IFERROR(INDEX(Sheet3!$B$2:$B$500,MATCH(1,(INT(C50)+MOD(D50,1)<INT(Sheet3!$A$2:$A$500)+TIME(18,0,0))*(INT(E50)+MOD(F50,1)>=INT(Sheet3!$A$2:$A$500)),0)),0) -> 0 | N50: =IF(OR( AND(Q50=6,D50>=TIME(17,0,0),OR(K50="12H Night",K50="Couple Half Night",K50="24H Night",K50="Couple Full Night")), AND(Q50=7,D50>=TIME(6,0,0),D50<TIME(12,0,0),OR(K50="12H Day",K50="Couple Half Day",K50="24H Day",K50="Couple Full Day")) ),1,0) -> 0 | O50: =IF(OR( AND(MONTH(C50)=12,DAY(C50)>=26), AND(MONTH(C50)=4,DAY(C50)>=15), MONTH(C50)=5, AND(MONTH(C50)=6,DAY(C50)<=10) ),1,0) -> 0 | P50: =IF(OR(MONTH(C50)=3,MONTH(C50)=4,MONTH(C50)=5,MONTH(C50)=6), "Summer", IF(OR(MONTH(C50)=7,MONTH(C50)=8,MONTH(C50)=9,MONTH(C50)=10), "Monsoon", "Winter")) -> Winter | Q50: =WEEKDAY(C50,2) -> 5 | R50: =ROUNDDOWN(((INT(C50)+MOD(D50,1))-(INT(I50)+MOD(J50,1))),0) -> 1
A51: Farm booked by Parimal | B51: 17 Feb 4:00 PM to 18 feb 8:00 PM 22 Person Rent: ₹6000 Deposit: ₹1000 ₹1000 received (Note : Tejas Pay 7000₹) | C51: 45339.792 | D51: 45339.792 | E51: 45340.75 | F51: 45340.75 | G51: 6000 | H51: 22 | I51: 45329 | J51: 0.88064815 | K51: =IF(L51>24, IF(H51=2,"Couple Extended Day","Extended Day"), IF(L51<=12, IF(AND(MOD(D51,1)>=TIME(6,0,0),MOD(D51,1)<TIME(18,0,0)), IF(H51=2,"Couple Half Day","12H Day"), IF(H51=2,"Couple Half Night","12H Night")), IF(L51<=24, IF(AND(MOD(D51,1)>=TIME(6,0,0),MOD(D51,1)<TIME(18,0,0)), IF(H51=2,"Couple Full Day","24H Day"), IF(H51=2,"Couple Full Night","24H Night")), "Check Data"))) -> 24H Night | L51: =((INT(E51)+MOD(F51,1))-(INT(C51)+MOD(D51,1)))*24 -> 23 | M51: =IFERROR(INDEX(Sheet3!$B$2:$B$500,MATCH(1,(INT(C51)+MOD(D51,1)<INT(Sheet3!$A$2:$A$500)+TIME(18,0,0))*(INT(E51)+MOD(F51,1)>=INT(Sheet3!$A$2:$A$500)),0)),0) -> 0 | N51: =IF(OR( AND(Q51=6,D51>=TIME(17,0,0),OR(K51="12H Night",K51="Couple Half Night",K51="24H Night",K51="Couple Full Night")), AND(Q51=7,D51>=TIME(6,0,0),D51<TIME(12,0,0),OR(K51="12H Day",K51="Couple Half Day",K51="24H Day",K51="Couple Full Day")) ),1,0) -> 1 | O51: =IF(OR( AND(MONTH(C51)=12,DAY(C51)>=26), AND(MONTH(C51)=4,DAY(C51)>=15), MONTH(C51)=5, AND(MONTH(C51)=6,DAY(C51)<=10) ),1,0) -> 0 | P51: =IF(OR(MONTH(C51)=3,MONTH(C51)=4,MONTH(C51)=5,MONTH(C51)=6), "Summer", IF(OR(MONTH(C51)=7,MONTH(C51)=8,MONTH(C51)=9,MONTH(C51)=10), "Monsoon", "Winter")) -> Winter | Q51: =WEEKDAY(C51,2) -> 6 | R51: =ROUNDDOWN(((INT(C51)+MOD(D51,1))-(INT(I51)+MOD(J51,1))),0) -> 9
A52: Farm booked by Anand Yadav ~ Partial payment | B52: 20-Feb-2024 at 10:00 AM to 20-Feb-2024 at 6:00 PM 4 Persons Rent: ₹2000 Deposit: ₹2000 ₹1000 advance received ₹1000 Advance received. | C52: 45342.417 | D52: 45342.417 | E52: 45342.75 | F52: 45342.75 | G52: 2000 | H52: 4 | I52: 45341 | J52: 0.69951389 | K52: =IF(L52>24, IF(H52=2,"Couple Extended Day","Extended Day"), IF(L52<=12, IF(AND(MOD(D52,1)>=TIME(6,0,0),MOD(D52,1)<TIME(18,0,0)), IF(H52=2,"Couple Half Day","12H Day"), IF(H52=2,"Couple Half Night","12H Night")), IF(L52<=24, IF(AND(MOD(D52,1)>=TIME(6,0,0),MOD(D52,1)<TIME(18,0,0)), IF(H52=2,"Couple Full Day","24H Day"), IF(H52=2,"Couple Full Night","24H Night")), "Check Data"))) -> 12H Day | L52: =((INT(E52)+MOD(F52,1))-(INT(C52)+MOD(D52,1)))*24 -> 8 | M52: =IFERROR(INDEX(Sheet3!$B$2:$B$500,MATCH(1,(INT(C52)+MOD(D52,1)<INT(Sheet3!$A$2:$A$500)+TIME(18,0,0))*(INT(E52)+MOD(F52,1)>=INT(Sheet3!$A$2:$A$500)),0)),0) -> 0 | N52: =IF(OR( AND(Q52=6,D52>=TIME(17,0,0),OR(K52="12H Night",K52="Couple Half Night",K52="24H Night",K52="Couple Full Night")), AND(Q52=7,D52>=TIME(6,0,0),D52<TIME(12,0,0),OR(K52="12H Day",K52="Couple Half Day",K52="24H Day",K52="Couple Full Day")) ),1,0) -> 0 | O52: =IF(OR( AND(MONTH(C52)=12,DAY(C52)>=26), AND(MONTH(C52)=4,DAY(C52)>=15), MONTH(C52)=5, AND(MONTH(C52)=6,DAY(C52)<=10) ),1,0) -> 0 | P52: =IF(OR(MONTH(C52)=3,MONTH(C52)=4,MONTH(C52)=5,MONTH(C52)=6), "Summer", IF(OR(MONTH(C52)=7,MONTH(C52)=8,MONTH(C52)=9,MONTH(C52)=10), "Monsoon", "Winter")) -> Winter | Q52: =WEEKDAY(C52,2) -> 2 | R52: =ROUNDDOWN(((INT(C52)+MOD(D52,1))-(INT(I52)+MOD(J52,1))),0) -> 0
A53: Farm booked by Nidhish - Partial payment | B53: 21-Feb-2024 at 6:00 AM to 21-Feb-2024 at 6:00 PM 4 Persons Rent: ₹1700 Deposit: ₹2000 ₹1000 Received | C53: 45343.25 | D53: 45343.25 | E53: 45343.75 | F53: 45343.75 | G53: 1700 | H53: 4 | I53: 45340 | J53: 0.64123843 | K53: =IF(L53>24, IF(H53=2,"Couple Extended Day","Extended Day"), IF(L53<=12, IF(AND(MOD(D53,1)>=TIME(6,0,0),MOD(D53,1)<TIME(18,0,0)), IF(H53=2,"Couple Half Day","12H Day"), IF(H53=2,"Couple Half Night","12H Night")), IF(L53<=24, IF(AND(MOD(D53,1)>=TIME(6,0,0),MOD(D53,1)<TIME(18,0,0)), IF(H53=2,"Couple Full Day","24H Day"), IF(H53=2,"Couple Full Night","24H Night")), "Check Data"))) -> 12H Day | L53: =((INT(E53)+MOD(F53,1))-(INT(C53)+MOD(D53,1)))*24 -> 12 | M53: =IFERROR(INDEX(Sheet3!$B$2:$B$500,MATCH(1,(INT(C53)+MOD(D53,1)<INT(Sheet3!$A$2:$A$500)+TIME(18,0,0))*(INT(E53)+MOD(F53,1)>=INT(Sheet3!$A$2:$A$500)),0)),0) -> 0 | N53: =IF(OR( AND(Q53=6,D53>=TIME(17,0,0),OR(K53="12H Night",K53="Couple Half Night",K53="24H Night",K53="Couple Full Night")), AND(Q53=7,D53>=TIME(6,0,0),D53<TIME(12,0,0),OR(K53="12H Day",K53="Couple Half Day",K53="24H Day",K53="Couple Full Day")) ),1,0) -> 0 | O53: =IF(OR( AND(MONTH(C53)=12,DAY(C53)>=26), AND(MONTH(C53)=4,DAY(C53)>=15), MONTH(C53)=5, AND(MONTH(C53)=6,DAY(C53)<=10) ),1,0) -> 0 | P53: =IF(OR(MONTH(C53)=3,MONTH(C53)=4,MONTH(C53)=5,MONTH(C53)=6), "Summer", IF(OR(MONTH(C53)=7,MONTH(C53)=8,MONTH(C53)=9,MONTH(C53)=10), "Monsoon", "Winter")) -> Winter | Q53: =WEEKDAY(C53,2) -> 3 | R53: =ROUNDDOWN(((INT(C53)+MOD(D53,1))-(INT(I53)+MOD(J53,1))),0) -> 2
A54: Farm booked by Yash Chahidiya | B54: 21-Feb-2024 at 7:00 PM to 22-Feb-2024 at 5:00 PM 2 Persons Only Room with AC Rent: ₹3000 Deposit: ₹1000 ₹3000 Received | C54: 45343.792 | D54: 45343.792 | E54: 45344.708 | F54: 0 | G54: 3000 | H54: 2 | I54: 45342 | J54: 0.70217593 | K54: =IF(L54>24, IF(H54=2,"Couple Extended Day","Extended Day"), IF(L54<=12, IF(AND(MOD(D54,1)>=TIME(6,0,0),MOD(D54,1)<TIME(18,0,0)), IF(H54=2,"Couple Half Day","12H Day"), IF(H54=2,"Couple Half Night","12H Night")), IF(L54<=24, IF(AND(MOD(D54,1)>=TIME(6,0,0),MOD(D54,1)<TIME(18,0,0)), IF(H54=2,"Couple Full Day","24H Day"), IF(H54=2,"Couple Full Night","24H Night")), "Check Data"))) -> Couple Half Night | L54: =((INT(E54)+MOD(F54,1))-(INT(C54)+MOD(D54,1)))*24 -> 5 | M54: =IFERROR(INDEX(Sheet3!$B$2:$B$500,MATCH(1,(INT(C54)+MOD(D54,1)<INT(Sheet3!$A$2:$A$500)+TIME(18,0,0))*(INT(E54)+MOD(F54,1)>=INT(Sheet3!$A$2:$A$500)),0)),0) -> 0 | N54: =IF(OR( AND(Q54=6,D54>=TIME(17,0,0),OR(K54="12H Night",K54="Couple Half Night",K54="24H Night",K54="Couple Full Night")), AND(Q54=7,D54>=TIME(6,0,0),D54<TIME(12,0,0),OR(K54="12H Day",K54="Couple Half Day",K54="24H Day",K54="Couple Full Day")) ),1,0) -> 0 | O54: =IF(OR( AND(MONTH(C54)=12,DAY(C54)>=26), AND(MONTH(C54)=4,DAY(C54)>=15), MONTH(C54)=5, AND(MONTH(C54)=6,DAY(C54)<=10) ),1,0) -> 0 | P54: =IF(OR(MONTH(C54)=3,MONTH(C54)=4,MONTH(C54)=5,MONTH(C54)=6), "Summer", IF(OR(MONTH(C54)=7,MONTH(C54)=8,MONTH(C54)=9,MONTH(C54)=10), "Monsoon", "Winter")) -> Winter | Q54: =WEEKDAY(C54,2) -> 3 | R54: =ROUNDDOWN(((INT(C54)+MOD(D54,1))-(INT(I54)+MOD(J54,1))),0) -> 1
A55: Farm booked by Sharad - Partial payment | B55: 22-Feb-2024 at 6:00 PM to 23-Feb-2024 at 6:00 PM 15 Persons Rent: ₹4000 Deposit: ₹2000 ₹2000 received Deposit Refund after check out. | C55: 45344.75 | D55: 45344.75 | E55: 45345.75 | F55: 45345.75 | G55: 4000 | H55: 15 | I55: 45339 | J55: 0.0084027778 | K55: =IF(L55>24, IF(H55=2,"Couple Extended Day","Extended Day"), IF(L55<=12, IF(AND(MOD(D55,1)>=TIME(6,0,0),MOD(D55,1)<TIME(18,0,0)), IF(H55=2,"Couple Half Day","12H Day"), IF(H55=2,"Couple Half Night","12H Night")), IF(L55<=24, IF(AND(MOD(D55,1)>=TIME(6,0,0),MOD(D55,1)<TIME(18,0,0)), IF(H55=2,"Couple Full Day","24H Day"), IF(H55=2,"Couple Full Night","24H Night")), "Check Data"))) -> 24H Night | L55: =((INT(E55)+MOD(F55,1))-(INT(C55)+MOD(D55,1)))*24 -> 24 | M55: =IFERROR(INDEX(Sheet3!$B$2:$B$500,MATCH(1,(INT(C55)+MOD(D55,1)<INT(Sheet3!$A$2:$A$500)+TIME(18,0,0))*(INT(E55)+MOD(F55,1)>=INT(Sheet3!$A$2:$A$500)),0)),0) -> 0 | N55: =IF(OR( AND(Q55=6,D55>=TIME(17,0,0),OR(K55="12H Night",K55="Couple Half Night",K55="24H Night",K55="Couple Full Night")), AND(Q55=7,D55>=TIME(6,0,0),D55<TIME(12,0,0),OR(K55="12H Day",K55="Couple Half Day",K55="24H Day",K55="Couple Full Day")) ),1,0) -> 0 | O55: =IF(OR( AND(MONTH(C55)=12,DAY(C55)>=26), AND(MONTH(C55)=4,DAY(C55)>=15), MONTH(C55)=5, AND(MONTH(C55)=6,DAY(C55)<=10) ),1,0) -> 0 | P55: =IF(OR(MONTH(C55)=3,MONTH(C55)=4,MONTH(C55)=5,MONTH(C55)=6), "Summer", IF(OR(MONTH(C55)=7,MONTH(C55)=8,MONTH(C55)=9,MONTH(C55)=10), "Monsoon", "Winter")) -> Winter | Q55: =WEEKDAY(C55,2) -> 4 | R55: =ROUNDDOWN(((INT(C55)+MOD(D55,1))-(INT(I55)+MOD(J55,1))),0) -> 5
A56: Farm booked by Arkit | B56: 24-Feb-2024 at 6:00 PM to 25-Feb-2024 at 6:00 PM 12 Persons Rent: ₹5000 Deposit: ₹2000 ₹2000 Received Deposit Refund after check out. | C56: 45346.75 | D56: 45346.75 | E56: 45347.75 | F56: 45347.75 | G56: 5000 | H56: 12 | I56: 45330 | J56: 0.5819213 | K56: =IF(L56>24, IF(H56=2,"Couple Extended Day","Extended Day"), IF(L56<=12, IF(AND(MOD(D56,1)>=TIME(6,0,0),MOD(D56,1)<TIME(18,0,0)), IF(H56=2,"Couple Half Day","12H Day"), IF(H56=2,"Couple Half Night","12H Night")), IF(L56<=24, IF(AND(MOD(D56,1)>=TIME(6,0,0),MOD(D56,1)<TIME(18,0,0)), IF(H56=2,"Couple Full Day","24H Day"), IF(H56=2,"Couple Full Night","24H Night")), "Check Data"))) -> 24H Night | L56: =((INT(E56)+MOD(F56,1))-(INT(C56)+MOD(D56,1)))*24 -> 24 | M56: =IFERROR(INDEX(Sheet3!$B$2:$B$500,MATCH(1,(INT(C56)+MOD(D56,1)<INT(Sheet3!$A$2:$A$500)+TIME(18,0,0))*(INT(E56)+MOD(F56,1)>=INT(Sheet3!$A$2:$A$500)),0)),0) -> 0 | N56: =IF(OR( AND(Q56=6,D56>=TIME(17,0,0),OR(K56="12H Night",K56="Couple Half Night",K56="24H Night",K56="Couple Full Night")), AND(Q56=7,D56>=TIME(6,0,0),D56<TIME(12,0,0),OR(K56="12H Day",K56="Couple Half Day",K56="24H Day",K56="Couple Full Day")) ),1,0) -> 1 | O56: =IF(OR( AND(MONTH(C56)=12,DAY(C56)>=26), AND(MONTH(C56)=4,DAY(C56)>=15), MONTH(C56)=5, AND(MONTH(C56)=6,DAY(C56)<=10) ),1,0) -> 0 | P56: =IF(OR(MONTH(C56)=3,MONTH(C56)=4,MONTH(C56)=5,MONTH(C56)=6), "Summer", IF(OR(MONTH(C56)=7,MONTH(C56)=8,MONTH(C56)=9,MONTH(C56)=10), "Monsoon", "Winter")) -> Winter | Q56: =WEEKDAY(C56,2) -> 6 | R56: =ROUNDDOWN(((INT(C56)+MOD(D56,1))-(INT(I56)+MOD(J56,1))),0) -> 16
A57: Farm booked by Bhautik Vaghasiya ~ Partial payment | B57: 26-Feb-2024 at 6:00 AM to 26-Feb-2024 at 6:00 PM 2 Persons Rent: ₹2000 Deposit:₹2000 ₹2000 Received | C57: 45348.25 | D57: 45348.25 | E57: 45348.75 | F57: 45348.75 | G57: 2000 | H57: 2 | I57: 45342 | J57: 0.45953704 | K57: =IF(L57>24, IF(H57=2,"Couple Extended Day","Extended Day"), IF(L57<=12, IF(AND(MOD(D57,1)>=TIME(6,0,0),MOD(D57,1)<TIME(18,0,0)), IF(H57=2,"Couple Half Day","12H Day"), IF(H57=2,"Couple Half Night","12H Night")), IF(L57<=24, IF(AND(MOD(D57,1)>=TIME(6,0,0),MOD(D57,1)<TIME(18,0,0)), IF(H57=2,"Couple Full Day","24H Day"), IF(H57=2,"Couple Full Night","24H Night")), "Check Data"))) -> Couple Half Day | L57: =((INT(E57)+MOD(F57,1))-(INT(C57)+MOD(D57,1)))*24 -> 12 | M57: =IFERROR(INDEX(Sheet3!$B$2:$B$500,MATCH(1,(INT(C57)+MOD(D57,1)<INT(Sheet3!$A$2:$A$500)+TIME(18,0,0))*(INT(E57)+MOD(F57,1)>=INT(Sheet3!$A$2:$A$500)),0)),0) -> 0 | N57: =IF(OR( AND(Q57=6,D57>=TIME(17,0,0),OR(K57="12H Night",K57="Couple Half Night",K57="24H Night",K57="Couple Full Night")), AND(Q57=7,D57>=TIME(6,0,0),D57<TIME(12,0,0),OR(K57="12H Day",K57="Couple Half Day",K57="24H Day",K57="Couple Full Day")) ),1,0) -> 0 | O57: =IF(OR( AND(MONTH(C57)=12,DAY(C57)>=26), AND(MONTH(C57)=4,DAY(C57)>=15), MONTH(C57)=5, AND(MONTH(C57)=6,DAY(C57)<=10) ),1,0) -> 0 | P57: =IF(OR(MONTH(C57)=3,MONTH(C57)=4,MONTH(C57)=5,MONTH(C57)=6), "Summer", IF(OR(MONTH(C57)=7,MONTH(C57)=8,MONTH(C57)=9,MONTH(C57)=10), "Monsoon", "Winter")) -> Winter | Q57: =WEEKDAY(C57,2) -> 1 | R57: =ROUNDDOWN(((INT(C57)+MOD(D57,1))-(INT(I57)+MOD(J57,1))),0) -> 5
A58: Farm Booked by Payal Patel | B58: 29-Feb-2024 at 6:00 AM to 29-Feb-2024 at 6:00 PM 2 Persons Rent: ₹1700 Deposit: ₹2000 ₹1700 Received Deposit Refund after check out. | C58: 45351.25 | D58: 45351.25 | E58: 45351.75 | F58: 45351.75 | G58: 1700 | H58: 2 | I58: 45349 | J58: 0.64865741 | K58: =IF(L58>24, IF(H58=2,"Couple Extended Day","Extended Day"), IF(L58<=12, IF(AND(MOD(D58,1)>=TIME(6,0,0),MOD(D58,1)<TIME(18,0,0)), IF(H58=2,"Couple Half Day","12H Day"), IF(H58=2,"Couple Half Night","12H Night")), IF(L58<=24, IF(AND(MOD(D58,1)>=TIME(6,0,0),MOD(D58,1)<TIME(18,0,0)), IF(H58=2,"Couple Full Day","24H Day"), IF(H58=2,"Couple Full Night","24H Night")), "Check Data"))) -> Couple Half Day | L58: =((INT(E58)+MOD(F58,1))-(INT(C58)+MOD(D58,1)))*24 -> 12 | M58: =IFERROR(INDEX(Sheet3!$B$2:$B$500,MATCH(1,(INT(C58)+MOD(D58,1)<INT(Sheet3!$A$2:$A$500)+TIME(18,0,0))*(INT(E58)+MOD(F58,1)>=INT(Sheet3!$A$2:$A$500)),0)),0) -> 0 | N58: =IF(OR( AND(Q58=6,D58>=TIME(17,0,0),OR(K58="12H Night",K58="Couple Half Night",K58="24H Night",K58="Couple Full Night")), AND(Q58=7,D58>=TIME(6,0,0),D58<TIME(12,0,0),OR(K58="12H Day",K58="Couple Half Day",K58="24H Day",K58="Couple Full Day")) ),1,0) -> 0 | O58: =IF(OR( AND(MONTH(C58)=12,DAY(C58)>=26), AND(MONTH(C58)=4,DAY(C58)>=15), MONTH(C58)=5, AND(MONTH(C58)=6,DAY(C58)<=10) ),1,0) -> 0 | P58: =IF(OR(MONTH(C58)=3,MONTH(C58)=4,MONTH(C58)=5,MONTH(C58)=6), "Summer", IF(OR(MONTH(C58)=7,MONTH(C58)=8,MONTH(C58)=9,MONTH(C58)=10), "Monsoon", "Winter")) -> Winter | Q58: =WEEKDAY(C58,2) -> 4 | R58: =ROUNDDOWN(((INT(C58)+MOD(D58,1))-(INT(I58)+MOD(J58,1))),0) -> 1
A59: Farm booked by Pavan Joshi | B59: 29-Feb-2024 at 10:00 PM to 01-Mar-2024 at 10:00 AM 6 Persons Rent: ₹2000 Deposit: ₹2000 ₹2000 Received Deposit Refund after check out. | C59: 45351.917 | D59: 45351.917 | E59: 45352.417 | F59: 45352.417 | G59: 2000 | H59: 6 | I59: 45344 | J59: 0.59349537 | K59: =IF(L59>24, IF(H59=2,"Couple Extended Day","Extended Day"), IF(L59<=12, IF(AND(MOD(D59,1)>=TIME(6,0,0),MOD(D59,1)<TIME(18,0,0)), IF(H59=2,"Couple Half Day","12H Day"), IF(H59=2,"Couple Half Night","12H Night")), IF(L59<=24, IF(AND(MOD(D59,1)>=TIME(6,0,0),MOD(D59,1)<TIME(18,0,0)), IF(H59=2,"Couple Full Day","24H Day"), IF(H59=2,"Couple Full Night","24H Night")), "Check Data"))) -> 12H Night | L59: =((INT(E59)+MOD(F59,1))-(INT(C59)+MOD(D59,1)))*24 -> 12 | M59: =IFERROR(INDEX(Sheet3!$B$2:$B$500,MATCH(1,(INT(C59)+MOD(D59,1)<INT(Sheet3!$A$2:$A$500)+TIME(18,0,0))*(INT(E59)+MOD(F59,1)>=INT(Sheet3!$A$2:$A$500)),0)),0) -> 0 | N59: =IF(OR( AND(Q59=6,D59>=TIME(17,0,0),OR(K59="12H Night",K59="Couple Half Night",K59="24H Night",K59="Couple Full Night")), AND(Q59=7,D59>=TIME(6,0,0),D59<TIME(12,0,0),OR(K59="12H Day",K59="Couple Half Day",K59="24H Day",K59="Couple Full Day")) ),1,0) -> 0 | O59: =IF(OR( AND(MONTH(C59)=12,DAY(C59)>=26), AND(MONTH(C59)=4,DAY(C59)>=15), MONTH(C59)=5, AND(MONTH(C59)=6,DAY(C59)<=10) ),1,0) -> 0 | P59: =IF(OR(MONTH(C59)=3,MONTH(C59)=4,MONTH(C59)=5,MONTH(C59)=6), "Summer", IF(OR(MONTH(C59)=7,MONTH(C59)=8,MONTH(C59)=9,MONTH(C59)=10), "Monsoon", "Winter")) -> Winter | Q59: =WEEKDAY(C59,2) -> 4 | R59: =ROUNDDOWN(((INT(C59)+MOD(D59,1))-(INT(I59)+MOD(J59,1))),0) -> 7
A60: Farm Booked by Atul Vishwakarma | B60: 01-Mar-2024 at 11:00 AM to 02-Mar-2024 at 06:00 AM 12 Persons Rent: ₹3200 Deposit: ₹2000 ₹2000 Received Deposit Refund after check out. | C60: 45352.292 | D60: 45352.292 | E60: 45353.25 | F60: 45353.25 | G60: 3200 | H60: 12 | I60: 45349 | J60: 0.76096065 | K60: =IF(L60>24, IF(H60=2,"Couple Extended Day","Extended Day"), IF(L60<=12, IF(AND(MOD(D60,1)>=TIME(6,0,0),MOD(D60,1)<TIME(18,0,0)), IF(H60=2,"Couple Half Day","12H Day"), IF(H60=2,"Couple Half Night","12H Night")), IF(L60<=24, IF(AND(MOD(D60,1)>=TIME(6,0,0),MOD(D60,1)<TIME(18,0,0)), IF(H60=2,"Couple Full Day","24H Day"), IF(H60=2,"Couple Full Night","24H Night")), "Check Data"))) -> 24H Day | L60: =((INT(E60)+MOD(F60,1))-(INT(C60)+MOD(D60,1)))*24 -> 23 | M60: =IFERROR(INDEX(Sheet3!$B$2:$B$500,MATCH(1,(INT(C60)+MOD(D60,1)<INT(Sheet3!$A$2:$A$500)+TIME(18,0,0))*(INT(E60)+MOD(F60,1)>=INT(Sheet3!$A$2:$A$500)),0)),0) -> 0 | N60: =IF(OR( AND(Q60=6,D60>=TIME(17,0,0),OR(K60="12H Night",K60="Couple Half Night",K60="24H Night",K60="Couple Full Night")), AND(Q60=7,D60>=TIME(6,0,0),D60<TIME(12,0,0),OR(K60="12H Day",K60="Couple Half Day",K60="24H Day",K60="Couple Full Day")) ),1,0) -> 0 | O60: =IF(OR( AND(MONTH(C60)=12,DAY(C60)>=26), AND(MONTH(C60)=4,DAY(C60)>=15), MONTH(C60)=5, AND(MONTH(C60)=6,DAY(C60)<=10) ),1,0) -> 0 | P60: =IF(OR(MONTH(C60)=3,MONTH(C60)=4,MONTH(C60)=5,MONTH(C60)=6), "Summer", IF(OR(MONTH(C60)=7,MONTH(C60)=8,MONTH(C60)=9,MONTH(C60)=10), "Monsoon", "Winter")) -> Summer | Q60: =WEEKDAY(C60,2) -> 5 | R60: =ROUNDDOWN(((INT(C60)+MOD(D60,1))-(INT(I60)+MOD(J60,1))),0) -> 2
... A76: Booked by Limbani Meet | B76: Rent: ₹18000 +91 93286 25025 24 Mar 2024 at 6:00 PM to 25 Mar 2024 at 6:00 PM 15 Persons Deposit: ₹2000 Deposit Refund after check out. | C76: 45375.75 | D76: 45375.75 | E76: 45376.75 | F76: 45376.75 | G76: 18000 | H76: 15 | I76: 45368 | J76: 0.71127315 | K76: =IF(L76>24, IF(H76=2,"Couple Extended Day","Extended Day"), IF(L76<=12, IF(AND(MOD(D76,1)>=TIME(6,0,0),MOD(D76,1)<TIME(18,0,0)), IF(H76=2,"Couple Half Day","12H Day"), IF(H76=2,"Couple Half Night","12H Night")), IF(L76<=24, IF(AND(MOD(D76,1)>=TIME(6,0,0),MOD(D76,1)<TIME(18,0,0)), IF(H76=2,"Couple Full Day","24H Day"), IF(H76=2,"Couple Full Night","24H Night")), "Check Data"))) -> 24H Night | L76: =((INT(E76)+MOD(F76,1))-(INT(C76)+MOD(D76,1)))*24 -> 24 | M76: =IFERROR(INDEX(Sheet3!$B$2:$B$500,MATCH(1,(INT(C76)+MOD(D76,1)<INT(Sheet3!$A$2:$A$500)+TIME(18,0,0))*(INT(E76)+MOD(F76,1)>=INT(Sheet3!$A$2:$A$500)),0)),0) -> Holi | N76: =IF(OR( AND(Q76=6,D76>=TIME(17,0,0),OR(K76="12H Night",K76="Couple Half Night",K76="24H Night",K76="Couple Full Night")), AND(Q76=7,D76>=TIME(6,0,0),D76<TIME(12,0,0),OR(K76="12H Day",K76="Couple Half Day",K76="24H Day",K76="Couple Full Day")) ),1,0) -> 0 | O76: =IF(OR( AND(MONTH(C76)=12,DAY(C76)>=26), AND(MONTH(C76)=4,DAY(C76)>=15), MONTH(C76)=5, AND(MONTH(C76)=6,DAY(C76)<=10) ),1,0) -> 0 | P76: =IF(OR(MONTH(C76)=3,MONTH(C76)=4,MONTH(C76)=5,MONTH(C76)=6), "Summer", IF(OR(MONTH(C76)=7,MONTH(C76)=8,MONTH(C76)=9,MONTH(C76)=10), "Monsoon", "Winter")) -> Summer | Q76: =WEEKDAY(C76,2) -> 7 | R76: =ROUNDDOWN(((INT(C76)+MOD(D76,1))-(INT(I76)+MOD(J76,1))),0) -> 7
A77: Booked by Yug - Partial payment | B77: 26 Mar 2024 at 6:00 PM to 27 Mar 2024 at 6:00 PM 10 Max Persons allowed Rent: ₹3500 Deposit: ₹2000 Deposit Refund after check out. | C77: 45377.75 | D77: 45377.75 | E77: 45378.75 | F77: 45378.75 | G77: 3500 | I77: 45372 | J77: 0.9175463 | K77: =IF(L77>24, IF(H77=2,"Couple Extended Day","Extended Day"), IF(L77<=12, IF(AND(MOD(D77,1)>=TIME(6,0,0),MOD(D77,1)<TIME(18,0,0)), IF(H77=2,"Couple Half Day","12H Day"), IF(H77=2,"Couple Half Night","12H Night")), IF(L77<=24, IF(AND(MOD(D77,1)>=TIME(6,0,0),MOD(D77,1)<TIME(18,0,0)), IF(H77=2,"Couple Full Day","24H Day"), IF(H77=2,"Couple Full Night","24H Night")), "Check Data"))) -> 24H Night | L77: =((INT(E77)+MOD(F77,1))-(INT(C77)+MOD(D77,1)))*24 -> 24 | M77: =IFERROR(INDEX(Sheet3!$B$2:$B$500,MATCH(1,(INT(C77)+MOD(D77,1)<INT(Sheet3!$A$2:$A$500)+TIME(18,0,0))*(INT(E77)+MOD(F77,1)>=INT(Sheet3!$A$2:$A$500)),0)),0) -> 0 | N77: =IF(OR( AND(Q77=6,D77>=TIME(17,0,0),OR(K77="12H Night",K77="Couple Half Night",K77="24H Night",K77="Couple Full Night")), AND(Q77=7,D77>=TIME(6,0,0),D77<TIME(12,0,0),OR(K77="12H Day",K77="Couple Half Day",K77="24H Day",K77="Couple Full Day")) ),1,0) -> 0 | O77: =IF(OR( AND(MONTH(C77)=12,DAY(C77)>=26), AND(MONTH(C77)=4,DAY(C77)>=15), MONTH(C77)=5, AND(MONTH(C77)=6,DAY(C77)<=10) ),1,0) -> 0 | P77: =IF(OR(MONTH(C77)=3,MONTH(C77)=4,MONTH(C77)=5,MONTH(C77)=6), "Summer", IF(OR(MONTH(C77)=7,MONTH(C77)=8,MONTH(C77)=9,MONTH(C77)=10), "Monsoon", "Winter")) -> Summer | Q77: =WEEKDAY(C77,2) -> 2 | R77: =ROUNDDOWN(((INT(C77)+MOD(D77,1))-(INT(I77)+MOD(J77,1))),0) -> 4
A78: Booked by Ayush | B78: 27 Mar 2024 at 6:00 PM to 28 Mar 2024 at 6:00 PM 8 Persons Rent: ₹4000 Deposit: ₹2000 ₹2000 received cash Deposit Refund after check out. | C78: 45378.75 | D78: 45378.75 | E78: 45379.75 | F78: 45379.75 | G78: 4000 | H78: 8 | I78: 45377 | J78: 0.95609954 | K78: =IF(L78>24, IF(H78=2,"Couple Extended Day","Extended Day"), IF(L78<=12, IF(AND(MOD(D78,1)>=TIME(6,0,0),MOD(D78,1)<TIME(18,0,0)), IF(H78=2,"Couple Half Day","12H Day"), IF(H78=2,"Couple Half Night","12H Night")), IF(L78<=24, IF(AND(MOD(D78,1)>=TIME(6,0,0),MOD(D78,1)<TIME(18,0,0)), IF(H78=2,"Couple Full Day","24H Day"), IF(H78=2,"Couple Full Night","24H Night")), "Check Data"))) -> 24H Night | L78: =((INT(E78)+MOD(F78,1))-(INT(C78)+MOD(D78,1)))*24 -> 24 | M78: =IFERROR(INDEX(Sheet3!$B$2:$B$500,MATCH(1,(INT(C78)+MOD(D78,1)<INT(Sheet3!$A$2:$A$500)+TIME(18,0,0))*(INT(E78)+MOD(F78,1)>=INT(Sheet3!$A$2:$A$500)),0)),0) -> 0 | N78: =IF(OR( AND(Q78=6,D78>=TIME(17,0,0),OR(K78="12H Night",K78="Couple Half Night",K78="24H Night",K78="Couple Full Night")), AND(Q78=7,D78>=TIME(6,0,0),D78<TIME(12,0,0),OR(K78="12H Day",K78="Couple Half Day",K78="24H Day",K78="Couple Full Day")) ),1,0) -> 0 | O78: =IF(OR( AND(MONTH(C78)=12,DAY(C78)>=26), AND(MONTH(C78)=4,DAY(C78)>=15), MONTH(C78)=5, AND(MONTH(C78)=6,DAY(C78)<=10) ),1,0) -> 0 | P78: =IF(OR(MONTH(C78)=3,MONTH(C78)=4,MONTH(C78)=5,MONTH(C78)=6), "Summer", IF(OR(MONTH(C78)=7,MONTH(C78)=8,MONTH(C78)=9,MONTH(C78)=10), "Monsoon", "Winter")) -> Summer | Q78: =WEEKDAY(C78,2) -> 3 | R78: =ROUNDDOWN(((INT(C78)+MOD(D78,1))-(INT(I78)+MOD(J78,1))),0) -> 0
A79: Booked by Raj Trivedi | B79: 28 Mar 2024 at 6:00 PM to 29 Mar 2024 at 6:00 PM 7 Persons Rent: ₹3500 Deposit: ₹2000 ₹2000 received Deposit Refund after check out. | C79: 45379.75 | D79: 45379.75 | E79: 45380.75 | F79: 45380.75 | G79: 3500 | H79: 7 | I79: 45376 | J79: 0.94091435 | K79: =IF(L79>24, IF(H79=2,"Couple Extended Day","Extended Day"), IF(L79<=12, IF(AND(MOD(D79,1)>=TIME(6,0,0),MOD(D79,1)<TIME(18,0,0)), IF(H79=2,"Couple Half Day","12H Day"), IF(H79=2,"Couple Half Night","12H Night")), IF(L79<=24, IF(AND(MOD(D79,1)>=TIME(6,0,0),MOD(D79,1)<TIME(18,0,0)), IF(H79=2,"Couple Full Day","24H Day"), IF(H79=2,"Couple Full Night","24H Night")), "Check Data"))) -> 24H Night | L79: =((INT(E79)+MOD(F79,1))-(INT(C79)+MOD(D79,1)))*24 -> 24 | M79: =IFERROR(INDEX(Sheet3!$B$2:$B$500,MATCH(1,(INT(C79)+MOD(D79,1)<INT(Sheet3!$A$2:$A$500)+TIME(18,0,0))*(INT(E79)+MOD(F79,1)>=INT(Sheet3!$A$2:$A$500)),0)),0) -> Good Friday | N79: =IF(OR( AND(Q79=6,D79>=TIME(17,0,0),OR(K79="12H Night",K79="Couple Half Night",K79="24H Night",K79="Couple Full Night")), AND(Q79=7,D79>=TIME(6,0,0),D79<TIME(12,0,0),OR(K79="12H Day",K79="Couple Half Day",K79="24H Day",K79="Couple Full Day")) ),1,0) -> 0 | O79: =IF(OR( AND(MONTH(C79)=12,DAY(C79)>=26), AND(MONTH(C79)=4,DAY(C79)>=15), MONTH(C79)=5, AND(MONTH(C79)=6,DAY(C79)<=10) ),1,0) -> 0 | P79: =IF(OR(MONTH(C79)=3,MONTH(C79)=4,MONTH(C79)=5,MONTH(C79)=6), "Summer", IF(OR(MONTH(C79)=7,MONTH(C79)=8,MONTH(C79)=9,MONTH(C79)=10), "Monsoon", "Winter")) -> Summer | Q79: =WEEKDAY(C79,2) -> 4 | R79: =ROUNDDOWN(((INT(C79)+MOD(D79,1))-(INT(I79)+MOD(J79,1))),0) -> 2
A80: Booked by Bhargav | B80: 29 Mar 2024 at 6:00 PM to 30 Mar 2024 at 6:00 PM 9 Persons Rent: ₹3800 Deposit: ₹2000 ₹1000 received Deposit Refund after check out. | C80: 45380.75 | D80: 45380.75 | E80: 45381.75 | F80: 45381.75 | G80: 3800 | H80: 9 | I80: 45373 | J80: 0.76447917 | K80: =IF(L80>24, IF(H80=2,"Couple Extended Day","Extended Day"), IF(L80<=12, IF(AND(MOD(D80,1)>=TIME(6,0,0),MOD(D80,1)<TIME(18,0,0)), IF(H80=2,"Couple Half Day","12H Day"), IF(H80=2,"Couple Half Night","12H Night")), IF(L80<=24, IF(AND(MOD(D80,1)>=TIME(6,0,0),MOD(D80,1)<TIME(18,0,0)), IF(H80=2,"Couple Full Day","24H Day"), IF(H80=2,"Couple Full Night","24H Night")), "Check Data"))) -> 24H Night | L80: =((INT(E80)+MOD(F80,1))-(INT(C80)+MOD(D80,1)))*24 -> 24 | M80: =IFERROR(INDEX(Sheet3!$B$2:$B$500,MATCH(1,(INT(C80)+MOD(D80,1)<INT(Sheet3!$A$2:$A$500)+TIME(18,0,0))*(INT(E80)+MOD(F80,1)>=INT(Sheet3!$A$2:$A$500)),0)),0) -> 0 | N80: =IF(OR( AND(Q80=6,D80>=TIME(17,0,0),OR(K80="12H Night",K80="Couple Half Night",K80="24H Night",K80="Couple Full Night")), AND(Q80=7,D80>=TIME(6,0,0),D80<TIME(12,0,0),OR(K80="12H Day",K80="Couple Half Day",K80="24H Day",K80="Couple Full Day")) ),1,0) -> 0 | O80: =IF(OR( AND(MONTH(C80)=12,DAY(C80)>=26), AND(MONTH(C80)=4,DAY(C80)>=15), MONTH(C80)=5, AND(MONTH(C80)=6,DAY(C80)<=10) ),1,0) -> 0 | P80: =IF(OR(MONTH(C80)=3,MONTH(C80)=4,MONTH(C80)=5,MONTH(C80)=6), "Summer", IF(OR(MONTH(C80)=7,MONTH(C80)=8,MONTH(C80)=9,MONTH(C80)=10), "Monsoon", "Winter")) -> Summer | Q80: =WEEKDAY(C80,2) -> 5 | R80: =ROUNDDOWN(((INT(C80)+MOD(D80,1))-(INT(I80)+MOD(J80,1))),0) -> 6
A81: Booked by Nilkanth rathod | B81: 30-Mar-2024 at 6:00 PM to 31-Mar-2024 at 6:00 PM 10 Persons Rent: ₹7000 Deposit: ₹2000 ₹1800 received ☑️ 50% payment Saturday Morning, baki nu check in time pr Deposit Refund after check out. | C81: 45381.75 | D81: 45381.75 | E81: 45382.75 | F81: 45382.75 | G81: 7000 | H81: 10 | I81: 45361 | J81: 0.94364583 | K81: =IF(L81>24, IF(H81=2,"Couple Extended Day","Extended Day"), IF(L81<=12, IF(AND(MOD(D81,1)>=TIME(6,0,0),MOD(D81,1)<TIME(18,0,0)), IF(H81=2,"Couple Half Day","12H Day"), IF(H81=2,"Couple Half Night","12H Night")), IF(L81<=24, IF(AND(MOD(D81,1)>=TIME(6,0,0),MOD(D81,1)<TIME(18,0,0)), IF(H81=2,"Couple Full Day","24H Day"), IF(H81=2,"Couple Full Night","24H Night")), "Check Data"))) -> 24H Night | L81: =((INT(E81)+MOD(F81,1))-(INT(C81)+MOD(D81,1)))*24 -> 24 | M81: =IFERROR(INDEX(Sheet3!$B$2:$B$500,MATCH(1,(INT(C81)+MOD(D81,1)<INT(Sheet3!$A$2:$A$500)+TIME(18,0,0))*(INT(E81)+MOD(F81,1)>=INT(Sheet3!$A$2:$A$500)),0)),0) -> 0 | N81: =IF(OR( AND(Q81=6,D81>=TIME(17,0,0),OR(K81="12H Night",K81="Couple Half Night",K81="24H Night",K81="Couple Full Night")), AND(Q81=7,D81>=TIME(6,0,0),D81<TIME(12,0,0),OR(K81="12H Day",K81="Couple Half Day",K81="24H Day",K81="Couple Full Day")) ),1,0) -> 1 | O81: =IF(OR( AND(MONTH(C81)=12,DAY(C81)>=26), AND(MONTH(C81)=4,DAY(C81)>=15), MONTH(C81)=5, AND(MONTH(C81)=6,DAY(C81)<=10) ),1,0) -> 0 | P81: =IF(OR(MONTH(C81)=3,MONTH(C81)=4,MONTH(C81)=5,MONTH(C81)=6), "Summer", IF(OR(MONTH(C81)=7,MONTH(C81)=8,MONTH(C81)=9,MONTH(C81)=10), "Monsoon", "Winter")) -> Summer | Q81: =WEEKDAY(C81,2) -> 6 | R81: =ROUNDDOWN(((INT(C81)+MOD(D81,1))-(INT(I81)+MOD(J81,1))),0) -> 19
A82: Booked by Neel | B82: 31 Mar 2024 at 6:00 PM to 1 Apr 2024 at 6:00 PM 8 max Persons allowed Rent: ₹4500 Deposit: ₹2000 ₹1000 Received Deposit Refund after check out. | C82: 45382.75 | D82: 45382.75 | E82: 45383.75 | F82: 45383.75 | G82: 4500 | I82: 45379 | J82: 0.8578125 | K82: =IF(L82>24, IF(H82=2,"Couple Extended Day","Extended Day"), IF(L82<=12, IF(AND(MOD(D82,1)>=TIME(6,0,0),MOD(D82,1)<TIME(18,0,0)), IF(H82=2,"Couple Half Day","12H Day"), IF(H82=2,"Couple Half Night","12H Night")), IF(L82<=24, IF(AND(MOD(D82,1)>=TIME(6,0,0),MOD(D82,1)<TIME(18,0,0)), IF(H82=2,"Couple Full Day","24H Day"), IF(H82=2,"Couple Full Night","24H Night")), "Check Data"))) -> 24H Night | L82: =((INT(E82)+MOD(F82,1))-(INT(C82)+MOD(D82,1)))*24 -> 24 | M82: =IFERROR(INDEX(Sheet3!$B$2:$B$500,MATCH(1,(INT(C82)+MOD(D82,1)<INT(Sheet3!$A$2:$A$500)+TIME(18,0,0))*(INT(E82)+MOD(F82,1)>=INT(Sheet3!$A$2:$A$500)),0)),0) -> 0 | N82: =IF(OR( AND(Q82=6,D82>=TIME(17,0,0),OR(K82="12H Night",K82="Couple Half Night",K82="24H Night",K82="Couple Full Night")), AND(Q82=7,D82>=TIME(6,0,0),D82<TIME(12,0,0),OR(K82="12H Day",K82="Couple Half Day",K82="24H Day",K82="Couple Full Day")) ),1,0) -> 0 | O82: =IF(OR( AND(MONTH(C82)=12,DAY(C82)>=26), AND(MONTH(C82)=4,DAY(C82)>=15), MONTH(C82)=5, AND(MONTH(C82)=6,DAY(C82)<=10) ),1,0) -> 0 | P82: =IF(OR(MONTH(C82)=3,MONTH(C82)=4,MONTH(C82)=5,MONTH(C82)=6), "Summer", IF(OR(MONTH(C82)=7,MONTH(C82)=8,MONTH(C82)=9,MONTH(C82)=10), "Monsoon", "Winter")) -> Summer | Q82: =WEEKDAY(C82,2) -> 7 | R82: =ROUNDDOWN(((INT(C82)+MOD(D82,1))-(INT(I82)+MOD(J82,1))),0) -> 2
A83: Booked by Nilkanth | B83: 2 Apr 2024 at 12:00 PM to 2 Apr 2024 at 5:00 PM 3 Persons Rent: ₹3000 Deposit: ₹2000 ₹1000 received Deposit Refund after check out. | C83: 45384.5 | D83: 45384.5 | E83: 45384.708 | F83: 0 | G83: 3000 | H83: 3 | I83: 45383 | J83: 0.71408565 | K83: =IF(L83>24, IF(H83=2,"Couple Extended Day","Extended Day"), IF(L83<=12, IF(AND(MOD(D83,1)>=TIME(6,0,0),MOD(D83,1)<TIME(18,0,0)), IF(H83=2,"Couple Half Day","12H Day"), IF(H83=2,"Couple Half Night","12H Night")), IF(L83<=24, IF(AND(MOD(D83,1)>=TIME(6,0,0),MOD(D83,1)<TIME(18,0,0)), IF(H83=2,"Couple Full Day","24H Day"), IF(H83=2,"Couple Full Night","24H Night")), "Check Data"))) -> 12H Day | L83: =((INT(E83)+MOD(F83,1))-(INT(C83)+MOD(D83,1)))*24 -> -12 | M83: =IFERROR(INDEX(Sheet3!$B$2:$B$500,MATCH(1,(INT(C83)+MOD(D83,1)<INT(Sheet3!$A$2:$A$500)+TIME(18,0,0))*(INT(E83)+MOD(F83,1)>=INT(Sheet3!$A$2:$A$500)),0)),0) -> 0 | N83: =IF(OR( AND(Q83=6,D83>=TIME(17,0,0),OR(K83="12H Night",K83="Couple Half Night",K83="24H Night",K83="Couple Full Night")), AND(Q83=7,D83>=TIME(6,0,0),D83<TIME(12,0,0),OR(K83="12H Day",K83="Couple Half Day",K83="24H Day",K83="Couple Full Day")) ),1,0) -> 0 | O83: =IF(OR( AND(MONTH(C83)=12,DAY(C83)>=26), AND(MONTH(C83)=4,DAY(C83)>=15), MONTH(C83)=5, AND(MONTH(C83)=6,DAY(C83)<=10) ),1,0) -> 0 | P83: =IF(OR(MONTH(C83)=3,MONTH(C83)=4,MONTH(C83)=5,MONTH(C83)=6), "Summer", IF(OR(MONTH(C83)=7,MONTH(C83)=8,MONTH(C83)=9,MONTH(C83)=10), "Monsoon", "Winter")) -> Summer | Q83: =WEEKDAY(C83,2) -> 2 | R83: =ROUNDDOWN(((INT(C83)+MOD(D83,1))-(INT(I83)+MOD(J83,1))),0) -> 0
A84: Booked by vidhi - ‪+91 97732 21534‬ | B84: 2 Apr 2024 at 6:00 PM to 3 Apr 2024 at 6:00 PM 2 Persons Rent: ₹4000 Deposit: ₹2000 ₹2000 received Deposit Refund after check out. | C84: 45384.75 | D84: 45384.75 | E84: 45385.75 | F84: 45385.75 | G84: 4000 | H84: 2 | I84: 45383 | J84: 0.42150463 | K84: =IF(L84>24, IF(H84=2,"Couple Extended Day","Extended Day"), IF(L84<=12, IF(AND(MOD(D84,1)>=TIME(6,0,0),MOD(D84,1)<TIME(18,0,0)), IF(H84=2,"Couple Half Day","12H Day"), IF(H84=2,"Couple Half Night","12H Night")), IF(L84<=24, IF(AND(MOD(D84,1)>=TIME(6,0,0),MOD(D84,1)<TIME(18,0,0)), IF(H84=2,"Couple Full Day","24H Day"), IF(H84=2,"Couple Full Night","24H Night")), "Check Data"))) -> Couple Full Night | L84: =((INT(E84)+MOD(F84,1))-(INT(C84)+MOD(D84,1)))*24 -> 24 | M84: =IFERROR(INDEX(Sheet3!$B$2:$B$500,MATCH(1,(INT(C84)+MOD(D84,1)<INT(Sheet3!$A$2:$A$500)+TIME(18,0,0))*(INT(E84)+MOD(F84,1)>=INT(Sheet3!$A$2:$A$500)),0)),0) -> 0 | N84: =IF(OR( AND(Q84=6,D84>=TIME(17,0,0),OR(K84="12H Night",K84="Couple Half Night",K84="24H Night",K84="Couple Full Night")), AND(Q84=7,D84>=TIME(6,0,0),D84<TIME(12,0,0),OR(K84="12H Day",K84="Couple Half Day",K84="24H Day",K84="Couple Full Day")) ),1,0) -> 0 | O84: =IF(OR( AND(MONTH(C84)=12,DAY(C84)>=26), AND(MONTH(C84)=4,DAY(C84)>=15), MONTH(C84)=5, AND(MONTH(C84)=6,DAY(C84)<=10) ),1,0) -> 0 | P84: =IF(OR(MONTH(C84)=3,MONTH(C84)=4,MONTH(C84)=5,MONTH(C84)=6), "Summer", IF(OR(MONTH(C84)=7,MONTH(C84)=8,MONTH(C84)=9,MONTH(C84)=10), "Monsoon", "Winter")) -> Summer | Q84: =WEEKDAY(C84,2) -> 2 | R84: =ROUNDDOWN(((INT(C84)+MOD(D84,1))-(INT(I84)+MOD(J84,1))),0) -> 1
A85: Booked by Jignesh | B85: 4 Apr 2024 at 6:00 AM to 4 Apr 2024 at 6:00 PM 10 Persons Rent: ₹4000 Deposit: ₹2000 Received: ₹2000 Deposit Refund after check out. | C85: 45386.25 | D85: 45386.25 | E85: 45386.75 | F85: 45386.75 | G85: 4000 | H85: 10 | I85: 45373 | J85: 0.72416667 | K85: =IF(L85>24, IF(H85=2,"Couple Extended Day","Extended Day"), IF(L85<=12, IF(AND(MOD(D85,1)>=TIME(6,0,0),MOD(D85,1)<TIME(18,0,0)), IF(H85=2,"Couple Half Day","12H Day"), IF(H85=2,"Couple Half Night","12H Night")), IF(L85<=24, IF(AND(MOD(D85,1)>=TIME(6,0,0),MOD(D85,1)<TIME(18,0,0)), IF(H85=2,"Couple Full Day","24H Day"), IF(H85=2,"Couple Full Night","24H Night")), "Check Data"))) -> 12H Day | L85: =((INT(E85)+MOD(F85,1))-(INT(C85)+MOD(D85,1)))*24 -> 12 | M85: =IFERROR(INDEX(Sheet3!$B$2:$B$500,MATCH(1,(INT(C85)+MOD(D85,1)<INT(Sheet3!$A$2:$A$500)+TIME(18,0,0))*(INT(E85)+MOD(F85,1)>=INT(Sheet3!$A$2:$A$500)),0)),0) -> 0 | N85: =IF(OR( AND(Q85=6,D85>=TIME(17,0,0),OR(K85="12H Night",K85="Couple Half Night",K85="24H Night",K85="Couple Full Night")), AND(Q85=7,D85>=TIME(6,0,0),D85<TIME(12,0,0),OR(K85="12H Day",K85="Couple Half Day",K85="24H Day",K85="Couple Full Day")) ),1,0) -> 0 | O85: =IF(OR( AND(MONTH(C85)=12,DAY(C85)>=26), AND(MONTH(C85)=4,DAY(C85)>=15), MONTH(C85)=5, AND(MONTH(C85)=6,DAY(C85)<=10) ),1,0) -> 0 | P85: =IF(OR(MONTH(C85)=3,MONTH(C85)=4,MONTH(C85)=5,MONTH(C85)=6), "Summer", IF(OR(MONTH(C85)=7,MONTH(C85)=8,MONTH(C85)=9,MONTH(C85)=10), "Monsoon", "Winter")) -> Summer | Q85: =WEEKDAY(C85,2) -> 4 | R85: =ROUNDDOWN(((INT(C85)+MOD(D85,1))-(INT(I85)+MOD(J85,1))),0) -> 12
A86: Booked by Mansukh | B86: 4 Apr 2024 at 6:00 PM to 5 Apr 2024 at 6:00 PM 10 Persons Rent: ₹4500 Deposit: ₹2000 ₹2000 received Deposit Refund after check out. | C86: 45386.75 | D86: 45386.75 | E86: 45387.75 | F86: 45387.75 | G86: 4500 | H86: 10 | I86: 45383 | J86: 0.67946759 | K86: =IF(L86>24, IF(H86=2,"Couple Extended Day","Extended Day"), IF(L86<=12, IF(AND(MOD(D86,1)>=TIME(6,0,0),MOD(D86,1)<TIME(18,0,0)), IF(H86=2,"Couple Half Day","12H Day"), IF(H86=2,"Couple Half Night","12H Night")), IF(L86<=24, IF(AND(MOD(D86,1)>=TIME(6,0,0),MOD(D86,1)<TIME(18,0,0)), IF(H86=2,"Couple Full Day","24H Day"), IF(H86=2,"Couple Full Night","24H Night")), "Check Data"))) -> 24H Night | L86: =((INT(E86)+MOD(F86,1))-(INT(C86)+MOD(D86,1)))*24 -> 24 | M86: =IFERROR(INDEX(Sheet3!$B$2:$B$500,MATCH(1,(INT(C86)+MOD(D86,1)<INT(Sheet3!$A$2:$A$500)+TIME(18,0,0))*(INT(E86)+MOD(F86,1)>=INT(Sheet3!$A$2:$A$500)),0)),0) -> 0 | N86: =IF(OR( AND(Q86=6,D86>=TIME(17,0,0),OR(K86="12H Night",K86="Couple Half Night",K86="24H Night",K86="Couple Full Night")), AND(Q86=7,D86>=TIME(6,0,0),D86<TIME(12,0,0),OR(K86="12H Day",K86="Couple Half Day",K86="24H Day",K86="Couple Full Day")) ),1,0) -> 0 | O86: =IF(OR( AND(MONTH(C86)=12,DAY(C86)>=26), AND(MONTH(C86)=4,DAY(C86)>=15), MONTH(C86)=5, AND(MONTH(C86)=6,DAY(C86)<=10) ),1,0) -> 0 | P86: =IF(OR(MONTH(C86)=3,MONTH(C86)=4,MONTH(C86)=5,MONTH(C86)=6), "Summer", IF(OR(MONTH(C86)=7,MONTH(C86)=8,MONTH(C86)=9,MONTH(C86)=10), "Monsoon", "Winter")) -> Summer | Q86: =WEEKDAY(C86,2) -> 4 | R86: =ROUNDDOWN(((INT(C86)+MOD(D86,1))-(INT(I86)+MOD(J86,1))),0) -> 3
A87: Booked by Priyanshu | B87: 5 Apr 2024 at 6:00 PM to 6 Apr 2024 at 6:00 PM 6 Persons Rent: ₹4500 Deposit: ₹2000 ₹1000 received Deposit Refund after check out. | C87: 45387.75 | D87: 45387.75 | E87: 45388.75 | F87: 45388.75 | G87: 4500 | H87: 6 | I87: 45376 | J87: 0.5828125 | K87: =IF(L87>24, IF(H87=2,"Couple Extended Day","Extended Day"), IF(L87<=12, IF(AND(MOD(D87,1)>=TIME(6,0,0),MOD(D87,1)<TIME(18,0,0)), IF(H87=2,"Couple Half Day","12H Day"), IF(H87=2,"Couple Half Night","12H Night")), IF(L87<=24, IF(AND(MOD(D87,1)>=TIME(6,0,0),MOD(D87,1)<TIME(18,0,0)), IF(H87=2,"Couple Full Day","24H Day"), IF(H87=2,"Couple Full Night","24H Night")), "Check Data"))) -> 24H Night | L87: =((INT(E87)+MOD(F87,1))-(INT(C87)+MOD(D87,1)))*24 -> 24 | M87: =IFERROR(INDEX(Sheet3!$B$2:$B$500,MATCH(1,(INT(C87)+MOD(D87,1)<INT(Sheet3!$A$2:$A$500)+TIME(18,0,0))*(INT(E87)+MOD(F87,1)>=INT(Sheet3!$A$2:$A$500)),0)),0) -> 0 | N87: =IF(OR( AND(Q87=6,D87>=TIME(17,0,0),OR(K87="12H Night",K87="Couple Half Night",K87="24H Night",K87="Couple Full Night")), AND(Q87=7,D87>=TIME(6,0,0),D87<TIME(12,0,0),OR(K87="12H Day",K87="Couple Half Day",K87="24H Day",K87="Couple Full Day")) ),1,0) -> 0 | O87: =IF(OR( AND(MONTH(C87)=12,DAY(C87)>=26), AND(MONTH(C87)=4,DAY(C87)>=15), MONTH(C87)=5, AND(MONTH(C87)=6,DAY(C87)<=10) ),1,0) -> 0 | P87: =IF(OR(MONTH(C87)=3,MONTH(C87)=4,MONTH(C87)=5,MONTH(C87)=6), "Summer", IF(OR(MONTH(C87)=7,MONTH(C87)=8,MONTH(C87)=9,MONTH(C87)=10), "Monsoon", "Winter")) -> Summer | Q87: =WEEKDAY(C87,2) -> 5 | R87: =ROUNDDOWN(((INT(C87)+MOD(D87,1))-(INT(I87)+MOD(J87,1))),0) -> 11
A88: Booked by Sandip - Partial payment | B88: 6 Apr 2024 at 6:00 PM to 7 Apr 2024 at 6:00 PM 15 Persons Rent: ₹7000 Deposit: ₹2000 ₹1000 received Deposit Refund after check out. | C88: 45388.75 | D88: 45388.75 | E88: 45389.75 | F88: 45389.75 | G88: 7000 | H88: 15 | I88: 45364 | J88: 0.99013889 | K88: =IF(L88>24, IF(H88=2,"Couple Extended Day","Extended Day"), IF(L88<=12, IF(AND(MOD(D88,1)>=TIME(6,0,0),MOD(D88,1)<TIME(18,0,0)), IF(H88=2,"Couple Half Day","12H Day"), IF(H88=2,"Couple Half Night","12H Night")), IF(L88<=24, IF(AND(MOD(D88,1)>=TIME(6,0,0),MOD(D88,1)<TIME(18,0,0)), IF(H88=2,"Couple Full Day","24H Day"), IF(H88=2,"Couple Full Night","24H Night")), "Check Data"))) -> 24H Night | L88: =((INT(E88)+MOD(F88,1))-(INT(C88)+MOD(D88,1)))*24 -> 24 | M88: =IFERROR(INDEX(Sheet3!$B$2:$B$500,MATCH(1,(INT(C88)+MOD(D88,1)<INT(Sheet3!$A$2:$A$500)+TIME(18,0,0))*(INT(E88)+MOD(F88,1)>=INT(Sheet3!$A$2:$A$500)),0)),0) -> 0 | N88: =IF(OR( AND(Q88=6,D88>=TIME(17,0,0),OR(K88="12H Night",K88="Couple Half Night",K88="24H Night",K88="Couple Full Night")), AND(Q88=7,D88>=TIME(6,0,0),D88<TIME(12,0,0),OR(K88="12H Day",K88="Couple Half Day",K88="24H Day",K88="Couple Full Day")) ),1,0) -> 1 | O88: =IF(OR( AND(MONTH(C88)=12,DAY(C88)>=26), AND(MONTH(C88)=4,DAY(C88)>=15), MONTH(C88)=5, AND(MONTH(C88)=6,DAY(C88)<=10) ),1,0) -> 0 | P88: =IF(OR(MONTH(C88)=3,MONTH(C88)=4,MONTH(C88)=5,MONTH(C88)=6), "Summer", IF(OR(MONTH(C88)=7,MONTH(C88)=8,MONTH(C88)=9,MONTH(C88)=10), "Monsoon", "Winter")) -> Summer | Q88: =WEEKDAY(C88,2) -> 6 | R88: =ROUNDDOWN(((INT(C88)+MOD(D88,1))-(INT(I88)+MOD(J88,1))),0) -> 23
A89: Booked by Ankit | B89: Castillo Farm - 11 8 Apr 2024 at 7:00 AM to 8 Apr 2024 at 6:00 PM 5 Persons allowed Rent: ₹3500 Deposit: ₹2000 Received: ₹2000 Deposit Refund after check out. | C89: 45390.292 | D89: 45390.292 | E89: 45390.75 | F89: 45390.75 | G89: 3500 | H89: 5 | I89: 45387 | J89: 0.71189815 | K89: =IF(L89>24, IF(H89=2,"Couple Extended Day","Extended Day"), IF(L89<=12, IF(AND(MOD(D89,1)>=TIME(6,0,0),MOD(D89,1)<TIME(18,0,0)), IF(H89=2,"Couple Half Day","12H Day"), IF(H89=2,"Couple Half Night","12H Night")), IF(L89<=24, IF(AND(MOD(D89,1)>=TIME(6,0,0),MOD(D89,1)<TIME(18,0,0)), IF(H89=2,"Couple Full Day","24H Day"), IF(H89=2,"Couple Full Night","24H Night")), "Check Data"))) -> 12H Day | L89: =((INT(E89)+MOD(F89,1))-(INT(C89)+MOD(D89,1)))*24 -> 11 | M89: =IFERROR(INDEX(Sheet3!$B$2:$B$500,MATCH(1,(INT(C89)+MOD(D89,1)<INT(Sheet3!$A$2:$A$500)+TIME(18,0,0))*(INT(E89)+MOD(F89,1)>=INT(Sheet3!$A$2:$A$500)),0)),0) -> 0 | N89: =IF(OR( AND(Q89=6,D89>=TIME(17,0,0),OR(K89="12H Night",K89="Couple Half Night",K89="24H Night",K89="Couple Full Night")), AND(Q89=7,D89>=TIME(6,0,0),D89<TIME(12,0,0),OR(K89="12H Day",K89="Couple Half Day",K89="24H Day",K89="Couple Full Day")) ),1,0) -> 0 | O89: =IF(OR( AND(MONTH(C89)=12,DAY(C89)>=26), AND(MONTH(C89)=4,DAY(C89)>=15), MONTH(C89)=5, AND(MONTH(C89)=6,DAY(C89)<=10) ),1,0) -> 0 | P89: =IF(OR(MONTH(C89)=3,MONTH(C89)=4,MONTH(C89)=5,MONTH(C89)=6), "Summer", IF(OR(MONTH(C89)=7,MONTH(C89)=8,MONTH(C89)=9,MONTH(C89)=10), "Monsoon", "Winter")) -> Summer | Q89: =WEEKDAY(C89,2) -> 1 | R89: =ROUNDDOWN(((INT(C89)+MOD(D89,1))-(INT(I89)+MOD(J89,1))),0) -> 2
A90: Booked by Harshal | B90: Booking confirmed ✅ 9 Apr 2024 at 7:00 PM to 10 Apr 2024 at 6:00 PM 10 Persons Rent: ₹4500 Deposit: ₹2000 ₹2000 Received Deposit Refund after check out. | C90: 45391.792 | D90: 45391.792 | E90: 45392.75 | F90: 45392.75 | G90: 4500 | H90: 10 | I90: 45391 | J90: 0.012175926 | K90: =IF(L90>24, IF(H90=2,"Couple Extended Day","Extended Day"), IF(L90<=12, IF(AND(MOD(D90,1)>=TIME(6,0,0),MOD(D90,1)<TIME(18,0,0)), IF(H90=2,"Couple Half Day","12H Day"), IF(H90=2,"Couple Half Night","12H Night")), IF(L90<=24, IF(AND(MOD(D90,1)>=TIME(6,0,0),MOD(D90,1)<TIME(18,0,0)), IF(H90=2,"Couple Full Day","24H Day"), IF(H90=2,"Couple Full Night","24H Night")), "Check Data"))) -> 24H Night | L90: =((INT(E90)+MOD(F90,1))-(INT(C90)+MOD(D90,1)))*24 -> 23 | M90: =IFERROR(INDEX(Sheet3!$B$2:$B$500,MATCH(1,(INT(C90)+MOD(D90,1)<INT(Sheet3!$A$2:$A$500)+TIME(18,0,0))*(INT(E90)+MOD(F90,1)>=INT(Sheet3!$A$2:$A$500)),0)),0) -> 0 | N90: =IF(OR( AND(Q90=6,D90>=TIME(17,0,0),OR(K90="12H Night",K90="Couple Half Night",K90="24H Night",K90="Couple Full Night")), AND(Q90=7,D90>=TIME(6,0,0),D90<TIME(12,0,0),OR(K90="12H Day",K90="Couple Half Day",K90="24H Day",K90="Couple Full Day")) ),1,0) -> 0 | O90: =IF(OR( AND(MONTH(C90)=12,DAY(C90)>=26), AND(MONTH(C90)=4,DAY(C90)>=15), MONTH(C90)=5, AND(MONTH(C90)=6,DAY(C90)<=10) ),1,0) -> 0 | P90: =IF(OR(MONTH(C90)=3,MONTH(C90)=4,MONTH(C90)=5,MONTH(C90)=6), "Summer", IF(OR(MONTH(C90)=7,MONTH(C90)=8,MONTH(C90)=9,MONTH(C90)=10), "Monsoon", "Winter")) -> Summer | Q90: =WEEKDAY(C90,2) -> 2 | R90: =ROUNDDOWN(((INT(C90)+MOD(D90,1))-(INT(I90)+MOD(J90,1))),0) -> 0
A91: Booked by Gauranggiri | B91: 10 Apr 2024 at 7:00 PM to 11 Apr 2024 at 6:00 PM 10 Persons Rent: ₹4500 Deposit: ₹2000 ₹2000 received Deposit Refund after check out. | C91: 45392.792 | D91: 45392.792 | E91: 45393.75 | F91: 45393.75 | G91: 4500 | H91: 10 | I91: 45390 | J91: 0.81805556 | K91: =IF(L91>24, IF(H91=2,"Couple Extended Day","Extended Day"), IF(L91<=12, IF(AND(MOD(D91,1)>=TIME(6,0,0),MOD(D91,1)<TIME(18,0,0)), IF(H91=2,"Couple Half Day","12H Day"), IF(H91=2,"Couple Half Night","12H Night")), IF(L91<=24, IF(AND(MOD(D91,1)>=TIME(6,0,0),MOD(D91,1)<TIME(18,0,0)), IF(H91=2,"Couple Full Day","24H Day"), IF(H91=2,"Couple Full Night","24H Night")), "Check Data"))) -> 24H Night | L91: =((INT(E91)+MOD(F91,1))-(INT(C91)+MOD(D91,1)))*24 -> 23 | M91: =IFERROR(INDEX(Sheet3!$B$2:$B$500,MATCH(1,(INT(C91)+MOD(D91,1)<INT(Sheet3!$A$2:$A$500)+TIME(18,0,0))*(INT(E91)+MOD(F91,1)>=INT(Sheet3!$A$2:$A$500)),0)),0) -> Eid-ul-Fitr | N91: =IF(OR( AND(Q91=6,D91>=TIME(17,0,0),OR(K91="12H Night",K91="Couple Half Night",K91="24H Night",K91="Couple Full Night")), AND(Q91=7,D91>=TIME(6,0,0),D91<TIME(12,0,0),OR(K91="12H Day",K91="Couple Half Day",K91="24H Day",K91="Couple Full Day")) ),1,0) -> 0 | O91: =IF(OR( AND(MONTH(C91)=12,DAY(C91)>=26), AND(MONTH(C91)=4,DAY(C91)>=15), MONTH(C91)=5, AND(MONTH(C91)=6,DAY(C91)<=10) ),1,0) -> 0 | P91: =IF(OR(MONTH(C91)=3,MONTH(C91)=4,MONTH(C91)=5,MONTH(C91)=6), "Summer", IF(OR(MONTH(C91)=7,MONTH(C91)=8,MONTH(C91)=9,MONTH(C91)=10), "Monsoon", "Winter")) -> Summer | Q91: =WEEKDAY(C91,2) -> 3 | R91: =ROUNDDOWN(((INT(C91)+MOD(D91,1))-(INT(I91)+MOD(J91,1))),0) -> 1
A92: Booked by Badal | B92: 12 Apr 2024 at 7:00 AM to 12 Apr 2024 at 6:00 PM 2 Persons Rent: ₹4500 Deposit: ₹2000 ₹2000 Received Deposit Refund after check out. | C92: 45394.292 | D92: 45394.292 | E92: 45394.75 | F92: 45394.75 | G92: 4500 | H92: 2 | I92: 45385 | J92: 0.69936343 | K92: =IF(L92>24, IF(H92=2,"Couple Extended Day","Extended Day"), IF(L92<=12, IF(AND(MOD(D92,1)>=TIME(6,0,0),MOD(D92,1)<TIME(18,0,0)), IF(H92=2,"Couple Half Day","12H Day"), IF(H92=2,"Couple Half Night","12H Night")), IF(L92<=24, IF(AND(MOD(D92,1)>=TIME(6,0,0),MOD(D92,1)<TIME(18,0,0)), IF(H92=2,"Couple Full Day","24H Day"), IF(H92=2,"Couple Full Night","24H Night")), "Check Data"))) -> Couple Half Day | L92: =((INT(E92)+MOD(F92,1))-(INT(C92)+MOD(D92,1)))*24 -> 11 | M92: =IFERROR(INDEX(Sheet3!$B$2:$B$500,MATCH(1,(INT(C92)+MOD(D92,1)<INT(Sheet3!$A$2:$A$500)+TIME(18,0,0))*(INT(E92)+MOD(F92,1)>=INT(Sheet3!$A$2:$A$500)),0)),0) -> 0 | N92: =IF(OR( AND(Q92=6,D92>=TIME(17,0,0),OR(K92="12H Night",K92="Couple Half Night",K92="24H Night",K92="Couple Full Night")), AND(Q92=7,D92>=TIME(6,0,0),D92<TIME(12,0,0),OR(K92="12H Day",K92="Couple Half Day",K92="24H Day",K92="Couple Full Day")) ),1,0) -> 0 | O92: =IF(OR( AND(MONTH(C92)=12,DAY(C92)>=26), AND(MONTH(C92)=4,DAY(C92)>=15), MONTH(C92)=5, AND(MONTH(C92)=6,DAY(C92)<=10) ),1,0) -> 0 | P92: =IF(OR(MONTH(C92)=3,MONTH(C92)=4,MONTH(C92)=5,MONTH(C92)=6), "Summer", IF(OR(MONTH(C92)=7,MONTH(C92)=8,MONTH(C92)=9,MONTH(C92)=10), "Monsoon", "Winter")) -> Summer | Q92: =WEEKDAY(C92,2) -> 5 | R92: =ROUNDDOWN(((INT(C92)+MOD(D92,1))-(INT(I92)+MOD(J92,1))),0) -> 8
A93: Booked by Kirtan | B93: 12 Apr 2024 at 7:00 PM to 13 Apr 2024 at 6:00 PM 8 Persons Rent: ₹4500 Deposit: ₹2000 ₹2000 received Deposit Refund after check out. | C93: 45394.792 | D93: 45394.792 | E93: 45395.75 | F93: 45395.75 | G93: 4500 | H93: 8 | I93: 45393 | J93: 0.44335648 | K93: =IF(L93>24, IF(H93=2,"Couple Extended Day","Extended Day"), IF(L93<=12, IF(AND(MOD(D93,1)>=TIME(6,0,0),MOD(D93,1)<TIME(18,0,0)), IF(H93=2,"Couple Half Day","12H Day"), IF(H93=2,"Couple Half Night","12H Night")), IF(L93<=24, IF(AND(MOD(D93,1)>=TIME(6,0,0),MOD(D93,1)<TIME(18,0,0)), IF(H93=2,"Couple Full Day","24H Day"), IF(H93=2,"Couple Full Night","24H Night")), "Check Data"))) -> 24H Night | L93: =((INT(E93)+MOD(F93,1))-(INT(C93)+MOD(D93,1)))*24 -> 23 | M93: =IFERROR(INDEX(Sheet3!$B$2:$B$500,MATCH(1,(INT(C93)+MOD(D93,1)<INT(Sheet3!$A$2:$A$500)+TIME(18,0,0))*(INT(E93)+MOD(F93,1)>=INT(Sheet3!$A$2:$A$500)),0)),0) -> 0 | N93: =IF(OR( AND(Q93=6,D93>=TIME(17,0,0),OR(K93="12H Night",K93="Couple Half Night",K93="24H Night",K93="Couple Full Night")), AND(Q93=7,D93>=TIME(6,0,0),D93<TIME(12,0,0),OR(K93="12H Day",K93="Couple Half Day",K93="24H Day",K93="Couple Full Day")) ),1,0) -> 0 | O93: =IF(OR( AND(MONTH(C93)=12,DAY(C93)>=26), AND(MONTH(C93)=4,DAY(C93)>=15), MONTH(C93)=5, AND(MONTH(C93)=6,DAY(C93)<=10) ),1,0) -> 0 | P93: =IF(OR(MONTH(C93)=3,MONTH(C93)=4,MONTH(C93)=5,MONTH(C93)=6), "Summer", IF(OR(MONTH(C93)=7,MONTH(C93)=8,MONTH(C93)=9,MONTH(C93)=10), "Monsoon", "Winter")) -> Summer | Q93: =WEEKDAY(C93,2) -> 5 | R93: =ROUNDDOWN(((INT(C93)+MOD(D93,1))-(INT(I93)+MOD(J93,1))),0) -> 1
A94: Booked by Nirav Shah | B94: 13 Apr 2024 at 7:00 PM to 14 Apr 2024 at 6:00 PM 15 Persons Rent: ₹9500 Deposit: ₹2000 Deposit Refund after check out. ₹3500 received as advance payment | C94: 45395.792 | D94: 45395.792 | E94: 45396.75 | F94: 45396.75 | G94: 9500 | H94: 15 | I94: 45392 | J94: 0.012210648 | K94: =IF(L94>24, IF(H94=2,"Couple Extended Day","Extended Day"), IF(L94<=12, IF(AND(MOD(D94,1)>=TIME(6,0,0),MOD(D94,1)<TIME(18,0,0)), IF(H94=2,"Couple Half Day","12H Day"), IF(H94=2,"Couple Half Night","12H Night")), IF(L94<=24, IF(AND(MOD(D94,1)>=TIME(6,0,0),MOD(D94,1)<TIME(18,0,0)), IF(H94=2,"Couple Full Day","24H Day"), IF(H94=2,"Couple Full Night","24H Night")), "Check Data"))) -> 24H Night | L94: =((INT(E94)+MOD(F94,1))-(INT(C94)+MOD(D94,1)))*24 -> 23 | M94: =IFERROR(INDEX(Sheet3!$B$2:$B$500,MATCH(1,(INT(C94)+MOD(D94,1)<INT(Sheet3!$A$2:$A$500)+TIME(18,0,0))*(INT(E94)+MOD(F94,1)>=INT(Sheet3!$A$2:$A$500)),0)),0) -> 0 | N94: =IF(OR( AND(Q94=6,D94>=TIME(17,0,0),OR(K94="12H Night",K94="Couple Half Night",K94="24H Night",K94="Couple Full Night")), AND(Q94=7,D94>=TIME(6,0,0),D94<TIME(12,0,0),OR(K94="12H Day",K94="Couple Half Day",K94="24H Day",K94="Couple Full Day")) ),1,0) -> 1 | O94: =IF(OR( AND(MONTH(C94)=12,DAY(C94)>=26), AND(MONTH(C94)=4,DAY(C94)>=15), MONTH(C94)=5, AND(MONTH(C94)=6,DAY(C94)<=10) ),1,0) -> 0 | P94: =IF(OR(MONTH(C94)=3,MONTH(C94)=4,MONTH(C94)=5,MONTH(C94)=6), "Summer", IF(OR(MONTH(C94)=7,MONTH(C94)=8,MONTH(C94)=9,MONTH(C94)=10), "Monsoon", "Winter")) -> Summer | Q94: =WEEKDAY(C94,2) -> 6 | R94: =ROUNDDOWN(((INT(C94)+MOD(D94,1))-(INT(I94)+MOD(J94,1))),0) -> 3
A95: booked by Agent Vinay | B95: Rent: ₹4000 | C95: 45396.792 | D95: 45396.792 | E95: 45397.75 | F95: 45397.75 | G95: 4000 | I95: 45397 | J95: 0.0015277778 | K95: =IF(L95>24, IF(H95=2,"Couple Extended Day","Extended Day"), IF(L95<=12, IF(AND(MOD(D95,1)>=TIME(6,0,0),MOD(D95,1)<TIME(18,0,0)), IF(H95=2,"Couple Half Day","12H Day"), IF(H95=2,"Couple Half Night","12H Night")), IF(L95<=24, IF(AND(MOD(D95,1)>=TIME(6,0,0),MOD(D95,1)<TIME(18,0,0)), IF(H95=2,"Couple Full Day","24H Day"), IF(H95=2,"Couple Full Night","24H Night")), "Check Data"))) -> 24H Night | L95: =((INT(E95)+MOD(F95,1))-(INT(C95)+MOD(D95,1)))*24 -> 23 | M95: =IFERROR(INDEX(Sheet3!$B$2:$B$500,MATCH(1,(INT(C95)+MOD(D95,1)<INT(Sheet3!$A$2:$A$500)+TIME(18,0,0))*(INT(E95)+MOD(F95,1)>=INT(Sheet3!$A$2:$A$500)),0)),0) -> 0 | N95: =IF(OR( AND(Q95=6,D95>=TIME(17,0,0),OR(K95="12H Night",K95="Couple Half Night",K95="24H Night",K95="Couple Full Night")), AND(Q95=7,D95>=TIME(6,0,0),D95<TIME(12,0,0),OR(K95="12H Day",K95="Couple Half Day",K95="24H Day",K95="Couple Full Day")) ),1,0) -> 0 | O95: =IF(OR( AND(MONTH(C95)=12,DAY(C95)>=26), AND(MONTH(C95)=4,DAY(C95)>=15), MONTH(C95)=5, AND(MONTH(C95)=6,DAY(C95)<=10) ),1,0) -> 0 | P95: =IF(OR(MONTH(C95)=3,MONTH(C95)=4,MONTH(C95)=5,MONTH(C95)=6), "Summer", IF(OR(MONTH(C95)=7,MONTH(C95)=8,MONTH(C95)=9,MONTH(C95)=10), "Monsoon", "Winter")) -> Summer | Q95: =WEEKDAY(C95,2) -> 7 | R95: =ROUNDDOWN(((INT(C95)+MOD(D95,1))-(INT(I95)+MOD(J95,1))),0) -> 0
A96: Booked by Raju Bhikadiya | B96: Farm number: 11 17 Apr 2024 at 7:00 AM to 17 Apr 2024 at 6:00 PM 12 Persons Rent: ₹4000 Deposit: ₹2000 ₹2000 received Deposit Refund after check out. | C96: 45399.292 | D96: 45399.292 | E96: 45399.75 | F96: 45399.75 | G96: 4000 | H96: 12 | I96: 45398 | J96: 0.64600694 | K96: =IF(L96>24, IF(H96=2,"Couple Extended Day","Extended Day"), IF(L96<=12, IF(AND(MOD(D96,1)>=TIME(6,0,0),MOD(D96,1)<TIME(18,0,0)), IF(H96=2,"Couple Half Day","12H Day"), IF(H96=2,"Couple Half Night","12H Night")), IF(L96<=24, IF(AND(MOD(D96,1)>=TIME(6,0,0),MOD(D96,1)<TIME(18,0,0)), IF(H96=2,"Couple Full Day","24H Day"), IF(H96=2,"Couple Full Night","24H Night")), "Check Data"))) -> 12H Day | L96: =((INT(E96)+MOD(F96,1))-(INT(C96)+MOD(D96,1)))*24 -> 11 | M96: =IFERROR(INDEX(Sheet3!$B$2:$B$500,MATCH(1,(INT(C96)+MOD(D96,1)<INT(Sheet3!$A$2:$A$500)+TIME(18,0,0))*(INT(E96)+MOD(F96,1)>=INT(Sheet3!$A$2:$A$500)),0)),0) -> Ram Navami | N96: =IF(OR( AND(Q96=6,D96>=TIME(17,0,0),OR(K96="12H Night",K96="Couple Half Night",K96="24H Night",K96="Couple Full Night")), AND(Q96=7,D96>=TIME(6,0,0),D96<TIME(12,0,0),OR(K96="12H Day",K96="Couple Half Day",K96="24H Day",K96="Couple Full Day")) ),1,0) -> 0 | O96: =IF(OR( AND(MONTH(C96)=12,DAY(C96)>=26), AND(MONTH(C96)=4,DAY(C96)>=15), MONTH(C96)=5, AND(MONTH(C96)=6,DAY(C96)<=10) ),1,0) -> 1 | P96: =IF(OR(MONTH(C96)=3,MONTH(C96)=4,MONTH(C96)=5,MONTH(C96)=6), "Summer", IF(OR(MONTH(C96)=7,MONTH(C96)=8,MONTH(C96)=9,MONTH(C96)=10), "Monsoon", "Winter")) -> Summer | Q96: =WEEKDAY(C96,2) -> 3 | R96: =ROUNDDOWN(((INT(C96)+MOD(D96,1))-(INT(I96)+MOD(J96,1))),0) -> 0
A97: Booked by Agent Surat farm house | B97: 19 Apr 2024 at 7:00 AM to 19 Apr 2024 at 10:30 PM 12 Persons Rent: ₹4000 Deposit: ₹2000 ₹2000 received Deposit Refund after check out. | C97: 45401.292 | D97: 45401.292 | E97: 45401.938 | F97: 45401.938 | G97: 4000 | H97: 12 | I97: 45398 | J97: 0.57421296 | K97: =IF(L97>24, IF(H97=2,"Couple Extended Day","Extended Day"), IF(L97<=12, IF(AND(MOD(D97,1)>=TIME(6,0,0),MOD(D97,1)<TIME(18,0,0)), IF(H97=2,"Couple Half Day","12H Day"), IF(H97=2,"Couple Half Night","12H Night")), IF(L97<=24, IF(AND(MOD(D97,1)>=TIME(6,0,0),MOD(D97,1)<TIME(18,0,0)), IF(H97=2,"Couple Full Day","24H Day"), IF(H97=2,"Couple Full Night","24H Night")), "Check Data"))) -> 24H Day | L97: =((INT(E97)+MOD(F97,1))-(INT(C97)+MOD(D97,1)))*24 -> 15.5 | M97: =IFERROR(INDEX(Sheet3!$B$2:$B$500,MATCH(1,(INT(C97)+MOD(D97,1)<INT(Sheet3!$A$2:$A$500)+TIME(18,0,0))*(INT(E97)+MOD(F97,1)>=INT(Sheet3!$A$2:$A$500)),0)),0) -> 0 | N97: =IF(OR( AND(Q97=6,D97>=TIME(17,0,0),OR(K97="12H Night",K97="Couple Half Night",K97="24H Night",K97="Couple Full Night")), AND(Q97=7,D97>=TIME(6,0,0),D97<TIME(12,0,0),OR(K97="12H Day",K97="Couple Half Day",K97="24H Day",K97="Couple Full Day")) ),1,0) -> 0 | O97: =IF(OR( AND(MONTH(C97)=12,DAY(C97)>=26), AND(MONTH(C97)=4,DAY(C97)>=15), MONTH(C97)=5, AND(MONTH(C97)=6,DAY(C97)<=10) ),1,0) -> 1 | P97: =IF(OR(MONTH(C97)=3,MONTH(C97)=4,MONTH(C97)=5,MONTH(C97)=6), "Summer", IF(OR(MONTH(C97)=7,MONTH(C97)=8,MONTH(C97)=9,MONTH(C97)=10), "Monsoon", "Winter")) -> Summer | Q97: =WEEKDAY(C97,2) -> 5 | R97: =ROUNDDOWN(((INT(C97)+MOD(D97,1))-(INT(I97)+MOD(J97,1))),0) -> 2
A98: Booked by Juhil | B98: Booking Confirmed ✅ 20 Apr 2024 at 7:00 AM to 21 Apr 2024 at 6:00 PM 11 Persons allowed Rent: ₹13500 Deposit: ₹2000 Full payment received, deposit baki Deposit Refund after check out. | C98: 45402.292 | D98: 45402.292 | E98: 45403.75 | F98: 45403.75 | G98: 13500 | H98: 11 | I98: 45387 | J98: 0.96178241 | K98: =IF(L98>24, IF(H98=2,"Couple Extended Day","Extended Day"), IF(L98<=12, IF(AND(MOD(D98,1)>=TIME(6,0,0),MOD(D98,1)<TIME(18,0,0)), IF(H98=2,"Couple Half Day","12H Day"), IF(H98=2,"Couple Half Night","12H Night")), IF(L98<=24, IF(AND(MOD(D98,1)>=TIME(6,0,0),MOD(D98,1)<TIME(18,0,0)), IF(H98=2,"Couple Full Day","24H Day"), IF(H98=2,"Couple Full Night","24H Night")), "Check Data"))) -> Extended Day | L98: =((INT(E98)+MOD(F98,1))-(INT(C98)+MOD(D98,1)))*24 -> 35 | M98: =IFERROR(INDEX(Sheet3!$B$2:$B$500,MATCH(1,(INT(C98)+MOD(D98,1)<INT(Sheet3!$A$2:$A$500)+TIME(18,0,0))*(INT(E98)+MOD(F98,1)>=INT(Sheet3!$A$2:$A$500)),0)),0) -> Mahavir Jayanti | N98: =IF(OR( AND(Q98=6,D98>=TIME(17,0,0),OR(K98="12H Night",K98="Couple Half Night",K98="24H Night",K98="Couple Full Night")), AND(Q98=7,D98>=TIME(6,0,0),D98<TIME(12,0,0),OR(K98="12H Day",K98="Couple Half Day",K98="24H Day",K98="Couple Full Day")) ),1,0) -> 0 | O98: =IF(OR( AND(MONTH(C98)=12,DAY(C98)>=26), AND(MONTH(C98)=4,DAY(C98)>=15), MONTH(C98)=5, AND(MONTH(C98)=6,DAY(C98)<=10) ),1,0) -> 1 | P98: =IF(OR(MONTH(C98)=3,MONTH(C98)=4,MONTH(C98)=5,MONTH(C98)=6), "Summer", IF(OR(MONTH(C98)=7,MONTH(C98)=8,MONTH(C98)=9,MONTH(C98)=10), "Monsoon", "Winter")) -> Summer | Q98: =WEEKDAY(C98,2) -> 6 | R98: =ROUNDDOWN(((INT(C98)+MOD(D98,1))-(INT(I98)+MOD(J98,1))),0) -> 14
A99: Booked by Agent | B99: 22 Apr 2024 at 7:00 PM to 23 Apr 2024 at 6:00 PM 14 Persons Rent: ₹4500 Deposit: ₹2000 ₹2000 received Deposit Refund after check out. | C99: 45404.792 | D99: 45404.792 | E99: 45405.75 | F99: 45405.75 | G99: 4500 | H99: 14 | I99: 45397 | J99: 0.00087962963 | K99: =IF(L99>24, IF(H99=2,"Couple Extended Day","Extended Day"), IF(L99<=12, IF(AND(MOD(D99,1)>=TIME(6,0,0),MOD(D99,1)<TIME(18,0,0)), IF(H99=2,"Couple Half Day","12H Day"), IF(H99=2,"Couple Half Night","12H Night")), IF(L99<=24, IF(AND(MOD(D99,1)>=TIME(6,0,0),MOD(D99,1)<TIME(18,0,0)), IF(H99=2,"Couple Full Day","24H Day"), IF(H99=2,"Couple Full Night","24H Night")), "Check Data"))) -> 24H Night | L99: =((INT(E99)+MOD(F99,1))-(INT(C99)+MOD(D99,1)))*24 -> 23 | M99: =IFERROR(INDEX(Sheet3!$B$2:$B$500,MATCH(1,(INT(C99)+MOD(D99,1)<INT(Sheet3!$A$2:$A$500)+TIME(18,0,0))*(INT(E99)+MOD(F99,1)>=INT(Sheet3!$A$2:$A$500)),0)),0) -> 0 | N99: =IF(OR( AND(Q99=6,D99>=TIME(17,0,0),OR(K99="12H Night",K99="Couple Half Night",K99="24H Night",K99="Couple Full Night")), AND(Q99=7,D99>=TIME(6,0,0),D99<TIME(12,0,0),OR(K99="12H Day",K99="Couple Half Day",K99="24H Day",K99="Couple Full Day")) ),1,0) -> 0 | O99: =IF(OR( AND(MONTH(C99)=12,DAY(C99)>=26), AND(MONTH(C99)=4,DAY(C99)>=15), MONTH(C99)=5, AND(MONTH(C99)=6,DAY(C99)<=10) ),1,0) -> 1 | P99: =IF(OR(MONTH(C99)=3,MONTH(C99)=4,MONTH(C99)=5,MONTH(C99)=6), "Summer", IF(OR(MONTH(C99)=7,MONTH(C99)=8,MONTH(C99)=9,MONTH(C99)=10), "Monsoon", "Winter")) -> Summer | Q99: =WEEKDAY(C99,2) -> 1 | R99: =ROUNDDOWN(((INT(C99)+MOD(D99,1))-(INT(I99)+MOD(J99,1))),0) -> 7
A100: Booked by Kinal booked by Dhruv | B100: 23 Apr 2024 at 7:00 PM to 24 Apr 2024 at 7:00 AM 12 Persons Rent: ₹3500 Deposit: ₹2000 ₹1000 received Deposit Refund after check out. | C100: 45405.792 | D100: 45405.792 | E100: 45406.292 | F100: 45406.292 | G100: 3500 | H100: 12 | I100: 45404 | J100: 0.40678241 | K100: =IF(L100>24, IF(H100=2,"Couple Extended Day","Extended Day"), IF(L100<=12, IF(AND(MOD(D100,1)>=TIME(6,0,0),MOD(D100,1)<TIME(18,0,0)), IF(H100=2,"Couple Half Day","12H Day"), IF(H100=2,"Couple Half Night","12H Night")), IF(L100<=24, IF(AND(MOD(D100,1)>=TIME(6,0,0),MOD(D100,1)<TIME(18,0,0)), IF(H100=2,"Couple Full Day","24H Day"), IF(H100=2,"Couple Full Night","24H Night")), "Check Data"))) -> 12H Night | L100: =((INT(E100)+MOD(F100,1))-(INT(C100)+MOD(D100,1)))*24 -> 12 | M100: =IFERROR(INDEX(Sheet3!$B$2:$B$500,MATCH(1,(INT(C100)+MOD(D100,1)<INT(Sheet3!$A$2:$A$500)+TIME(18,0,0))*(INT(E100)+MOD(F100,1)>=INT(Sheet3!$A$2:$A$500)),0)),0) -> 0 | N100: =IF(OR( AND(Q100=6,D100>=TIME(17,0,0),OR(K100="12H Night",K100="Couple Half Night",K100="24H Night",K100="Couple Full Night")), AND(Q100=7,D100>=TIME(6,0,0),D100<TIME(12,0,0),OR(K100="12H Day",K100="Couple Half Day",K100="24H Day",K100="Couple Full Day")) ),1,0) -> 0 | O100: =IF(OR( AND(MONTH(C100)=12,DAY(C100)>=26), AND(MONTH(C100)=4,DAY(C100)>=15), MONTH(C100)=5, AND(MONTH(C100)=6,DAY(C100)<=10) ),1,0) -> 1 | P100: =IF(OR(MONTH(C100)=3,MONTH(C100)=4,MONTH(C100)=5,MONTH(C100)=6), "Summer", IF(OR(MONTH(C100)=7,MONTH(C100)=8,MONTH(C100)=9,MONTH(C100)=10), "Monsoon", "Winter")) -> Summer | Q100: =WEEKDAY(C100,2) -> 2 | R100: =ROUNDDOWN(((INT(C100)+MOD(D100,1))-(INT(I100)+MOD(J100,1))),0) -> 1
A101: Booked by Kenil | B101: Booking confirmed ✅ 24 Apr 2024 at 9:00 AM to 24 Apr 2024 at 6:00 PM 4 Persons Rent: ₹3000 Deposit: ₹2000 Deposit Refund after check out. | C101: 45406.375 | D101: 45406.375 | E101: 45406.75 | F101: 45406.75 | G101: 3000 | H101: 4 | I101: 45405 | J101: 0.77586806 | K101: =IF(L101>24, IF(H101=2,"Couple Extended Day","Extended Day"), IF(L101<=12, IF(AND(MOD(D101,1)>=TIME(6,0,0),MOD(D101,1)<TIME(18,0,0)), IF(H101=2,"Couple Half Day","12H Day"), IF(H101=2,"Couple Half Night","12H Night")), IF(L101<=24, IF(AND(MOD(D101,1)>=TIME(6,0,0),MOD(D101,1)<TIME(18,0,0)), IF(H101=2,"Couple Full Day","24H Day"), IF(H101=2,"Couple Full Night","24H Night")), "Check Data"))) -> 12H Day | L101: =((INT(E101)+MOD(F101,1))-(INT(C101)+MOD(D101,1)))*24 -> 9 | M101: =IFERROR(INDEX(Sheet3!$B$2:$B$500,MATCH(1,(INT(C101)+MOD(D101,1)<INT(Sheet3!$A$2:$A$500)+TIME(18,0,0))*(INT(E101)+MOD(F101,1)>=INT(Sheet3!$A$2:$A$500)),0)),0) -> 0 | N101: =IF(OR( AND(Q101=6,D101>=TIME(17,0,0),OR(K101="12H Night",K101="Couple Half Night",K101="24H Night",K101="Couple Full Night")), AND(Q101=7,D101>=TIME(6,0,0),D101<TIME(12,0,0),OR(K101="12H Day",K101="Couple Half Day",K101="24H Day",K101="Couple Full Day")) ),1,0) -> 0 | O101: =IF(OR( AND(MONTH(C101)=12,DAY(C101)>=26), AND(MONTH(C101)=4,DAY(C101)>=15), MONTH(C101)=5, AND(MONTH(C101)=6,DAY(C101)<=10) ),1,0) -> 1 | P101: =IF(OR(MONTH(C101)=3,MONTH(C101)=4,MONTH(C101)=5,MONTH(C101)=6), "Summer", IF(OR(MONTH(C101)=7,MONTH(C101)=8,MONTH(C101)=9,MONTH(C101)=10), "Monsoon", "Winter")) -> Summer | Q101: =WEEKDAY(C101,2) -> 3 | R101: =ROUNDDOWN(((INT(C101)+MOD(D101,1))-(INT(I101)+MOD(J101,1))),0) -> 0
A102: Booked by Shreyansh | B102: 24 Apr 2024 at 7:00 PM to 25 Apr 2024 at 6:00 AM 2 Persons Rent: ₹3000 Deposit: ₹2000 ₹2000 received Deposit Refund after check out. | C102: 45406.792 | D102: 45406.792 | E102: 45407.25 | F102: 45407.25 | G102: 3000 | H102: 2 | I102: 45406 | J102: 0.75954861 | K102: =IF(L102>24, IF(H102=2,"Couple Extended Day","Extended Day"), IF(L102<=12, IF(AND(MOD(D102,1)>=TIME(6,0,0),MOD(D102,1)<TIME(18,0,0)), IF(H102=2,"Couple Half Day","12H Day"), IF(H102=2,"Couple Half Night","12H Night")), IF(L102<=24, IF(AND(MOD(D102,1)>=TIME(6,0,0),MOD(D102,1)<TIME(18,0,0)), IF(H102=2,"Couple Full Day","24H Day"), IF(H102=2,"Couple Full Night","24H Night")), "Check Data"))) -> Couple Half Night | L102: =((INT(E102)+MOD(F102,1))-(INT(C102)+MOD(D102,1)))*24 -> 11 | M102: =IFERROR(INDEX(Sheet3!$B$2:$B$500,MATCH(1,(INT(C102)+MOD(D102,1)<INT(Sheet3!$A$2:$A$500)+TIME(18,0,0))*(INT(E102)+MOD(F102,1)>=INT(Sheet3!$A$2:$A$500)),0)),0) -> 0 | N102: =IF(OR( AND(Q102=6,D102>=TIME(17,0,0),OR(K102="12H Night",K102="Couple Half Night",K102="24H Night",K102="Couple Full Night")), AND(Q102=7,D102>=TIME(6,0,0),D102<TIME(12,0,0),OR(K102="12H Day",K102="Couple Half Day",K102="24H Day",K102="Couple Full Day")) ),1,0) -> 0 | O102: =IF(OR( AND(MONTH(C102)=12,DAY(C102)>=26), AND(MONTH(C102)=4,DAY(C102)>=15), MONTH(C102)=5, AND(MONTH(C102)=6,DAY(C102)<=10) ),1,0) -> 1 | P102: =IF(OR(MONTH(C102)=3,MONTH(C102)=4,MONTH(C102)=5,MONTH(C102)=6), "Summer", IF(OR(MONTH(C102)=7,MONTH(C102)=8,MONTH(C102)=9,MONTH(C102)=10), "Monsoon", "Winter")) -> Summer | Q102: =WEEKDAY(C102,2) -> 3 | R102: =ROUNDDOWN(((INT(C102)+MOD(D102,1))-(INT(I102)+MOD(J102,1))),0) -> 0
A103: Booked by Dharmik | B103: Booking confirmed ✅ 25 Apr 2024 at 7:00 PM to 26 Apr 2024 at 6:00 PM 10 Persons Rent: ₹5000 Deposit: ₹2000 ₹2000 received Deposit Refund after check out. | C103: 45407.792 | D103: 45407.792 | E103: 45408.75 | F103: 45408.75 | G103: 5000 | H103: 10 | I103: 45406 | J103: 0.53416667 | K103: =IF(L103>24, IF(H103=2,"Couple Extended Day","Extended Day"), IF(L103<=12, IF(AND(MOD(D103,1)>=TIME(6,0,0),MOD(D103,1)<TIME(18,0,0)), IF(H103=2,"Couple Half Day","12H Day"), IF(H103=2,"Couple Half Night","12H Night")), IF(L103<=24, IF(AND(MOD(D103,1)>=TIME(6,0,0),MOD(D103,1)<TIME(18,0,0)), IF(H103=2,"Couple Full Day","24H Day"), IF(H103=2,"Couple Full Night","24H Night")), "Check Data"))) -> 24H Night | L103: =((INT(E103)+MOD(F103,1))-(INT(C103)+MOD(D103,1)))*24 -> 23 | M103: =IFERROR(INDEX(Sheet3!$B$2:$B$500,MATCH(1,(INT(C103)+MOD(D103,1)<INT(Sheet3!$A$2:$A$500)+TIME(18,0,0))*(INT(E103)+MOD(F103,1)>=INT(Sheet3!$A$2:$A$500)),0)),0) -> 0 | N103: =IF(OR( AND(Q103=6,D103>=TIME(17,0,0),OR(K103="12H Night",K103="Couple Half Night",K103="24H Night",K103="Couple Full Night")), AND(Q103=7,D103>=TIME(6,0,0),D103<TIME(12,0,0),OR(K103="12H Day",K103="Couple Half Day",K103="24H Day",K103="Couple Full Day")) ),1,0) -> 0 | O103: =IF(OR( AND(MONTH(C103)=12,DAY(C103)>=26), AND(MONTH(C103)=4,DAY(C103)>=15), MONTH(C103)=5, AND(MONTH(C103)=6,DAY(C103)<=10) ),1,0) -> 1 | P103: =IF(OR(MONTH(C103)=3,MONTH(C103)=4,MONTH(C103)=5,MONTH(C103)=6), "Summer", IF(OR(MONTH(C103)=7,MONTH(C103)=8,MONTH(C103)=9,MONTH(C103)=10), "Monsoon", "Winter")) -> Summer | Q103: =WEEKDAY(C103,2) -> 4 | R103: =ROUNDDOWN(((INT(C103)+MOD(D103,1))-(INT(I103)+MOD(J103,1))),0) -> 1
A104: Booked by Harsh Kothari | B104: Booking confirmed ✅ 26 Apr 2024 at 7:00 PM to 27 Apr 2024 at 6:00 PM 10 Persons Rent: ₹4800 Deposit: ₹2000 ₹2000 received Deposit Refund after check out. | C104: 45408.792 | D104: 45408.792 | E104: 45409.75 | F104: 45409.75 | G104: 4800 | H104: 10 | I104: 45407 | J104: 0.78981481 | K104: =IF(L104>24, IF(H104=2,"Couple Extended Day","Extended Day"), IF(L104<=12, IF(AND(MOD(D104,1)>=TIME(6,0,0),MOD(D104,1)<TIME(18,0,0)), IF(H104=2,"Couple Half Day","12H Day"), IF(H104=2,"Couple Half Night","12H Night")), IF(L104<=24, IF(AND(MOD(D104,1)>=TIME(6,0,0),MOD(D104,1)<TIME(18,0,0)), IF(H104=2,"Couple Full Day","24H Day"), IF(H104=2,"Couple Full Night","24H Night")), "Check Data"))) -> 24H Night | L104: =((INT(E104)+MOD(F104,1))-(INT(C104)+MOD(D104,1)))*24 -> 23 | M104: =IFERROR(INDEX(Sheet3!$B$2:$B$500,MATCH(1,(INT(C104)+MOD(D104,1)<INT(Sheet3!$A$2:$A$500)+TIME(18,0,0))*(INT(E104)+MOD(F104,1)>=INT(Sheet3!$A$2:$A$500)),0)),0) -> 0 | N104: =IF(OR( AND(Q104=6,D104>=TIME(17,0,0),OR(K104="12H Night",K104="Couple Half Night",K104="24H Night",K104="Couple Full Night")), AND(Q104=7,D104>=TIME(6,0,0),D104<TIME(12,0,0),OR(K104="12H Day",K104="Couple Half Day",K104="24H Day",K104="Couple Full Day")) ),1,0) -> 0 | O104: =IF(OR( AND(MONTH(C104)=12,DAY(C104)>=26), AND(MONTH(C104)=4,DAY(C104)>=15), MONTH(C104)=5, AND(MONTH(C104)=6,DAY(C104)<=10) ),1,0) -> 1 | P104: =IF(OR(MONTH(C104)=3,MONTH(C104)=4,MONTH(C104)=5,MONTH(C104)=6), "Summer", IF(OR(MONTH(C104)=7,MONTH(C104)=8,MONTH(C104)=9,MONTH(C104)=10), "Monsoon", "Winter")) -> Summer | Q104: =WEEKDAY(C104,2) -> 5 | R104: =ROUNDDOWN(((INT(C104)+MOD(D104,1))-(INT(I104)+MOD(J104,1))),0) -> 1
A105: Booked by Agent Yogesh | B105: 27 Apr 2024 at 7:00 PM to 28 Apr 2024 at 6:00 PM 15 Persons Rent: ₹9500 Deposit: ₹2000 ₹3500 received Deposit Refund after check out. | C105: 45409.792 | D105: 45409.792 | E105: 45410.75 | F105: 45410.75 | G105: 9500 | H105: 15 | I105: 45393 | J105: 0.9141088 | K105: =IF(L105>24, IF(H105=2,"Couple Extended Day","Extended Day"), IF(L105<=12, IF(AND(MOD(D105,1)>=TIME(6,0,0),MOD(D105,1)<TIME(18,0,0)), IF(H105=2,"Couple Half Day","12H Day"), IF(H105=2,"Couple Half Night","12H Night")), IF(L105<=24, IF(AND(MOD(D105,1)>=TIME(6,0,0),MOD(D105,1)<TIME(18,0,0)), IF(H105=2,"Couple Full Day","24H Day"), IF(H105=2,"Couple Full Night","24H Night")), "Check Data"))) -> 24H Night | L105: =((INT(E105)+MOD(F105,1))-(INT(C105)+MOD(D105,1)))*24 -> 23 | M105: =IFERROR(INDEX(Sheet3!$B$2:$B$500,MATCH(1,(INT(C105)+MOD(D105,1)<INT(Sheet3!$A$2:$A$500)+TIME(18,0,0))*(INT(E105)+MOD(F105,1)>=INT(Sheet3!$A$2:$A$500)),0)),0) -> 0 | N105: =IF(OR( AND(Q105=6,D105>=TIME(17,0,0),OR(K105="12H Night",K105="Couple Half Night",K105="24H Night",K105="Couple Full Night")), AND(Q105=7,D105>=TIME(6,0,0),D105<TIME(12,0,0),OR(K105="12H Day",K105="Couple Half Day",K105="24H Day",K105="Couple Full Day")) ),1,0) -> 1 | O105: =IF(OR( AND(MONTH(C105)=12,DAY(C105)>=26), AND(MONTH(C105)=4,DAY(C105)>=15), MONTH(C105)=5, AND(MONTH(C105)=6,DAY(C105)<=10) ),1,0) -> 1 | P105: =IF(OR(MONTH(C105)=3,MONTH(C105)=4,MONTH(C105)=5,MONTH(C105)=6), "Summer", IF(OR(MONTH(C105)=7,MONTH(C105)=8,MONTH(C105)=9,MONTH(C105)=10), "Monsoon", "Winter")) -> Summer | Q105: =WEEKDAY(C105,2) -> 6 | R105: =ROUNDDOWN(((INT(C105)+MOD(D105,1))-(INT(I105)+MOD(J105,1))),0) -> 15
A106: Booked by Mahesh | B106: 28 Apr 2024 at 7:00 PM to 29 Apr 2024 at 6:00 PM 15 Persons Rent: ₹4000 Deposit: ₹2000 ₹2000 received Deposit Refund after check out. | C106: 45410.792 | D106: 45410.792 | E106: 45411.75 | F106: 45411.75 | G106: 4000 | H106: 15 | I106: 45407 | J106: 0.49037037 | K106: =IF(L106>24, IF(H106=2,"Couple Extended Day","Extended Day"), IF(L106<=12, IF(AND(MOD(D106,1)>=TIME(6,0,0),MOD(D106,1)<TIME(18,0,0)), IF(H106=2,"Couple Half Day","12H Day"), IF(H106=2,"Couple Half Night","12H Night")), IF(L106<=24, IF(AND(MOD(D106,1)>=TIME(6,0,0),MOD(D106,1)<TIME(18,0,0)), IF(H106=2,"Couple Full Day","24H Day"), IF(H106=2,"Couple Full Night","24H Night")), "Check Data"))) -> 24H Night | L106: =((INT(E106)+MOD(F106,1))-(INT(C106)+MOD(D106,1)))*24 -> 23 | M106: =IFERROR(INDEX(Sheet3!$B$2:$B$500,MATCH(1,(INT(C106)+MOD(D106,1)<INT(Sheet3!$A$2:$A$500)+TIME(18,0,0))*(INT(E106)+MOD(F106,1)>=INT(Sheet3!$A$2:$A$500)),0)),0) -> 0 | N106: =IF(OR( AND(Q106=6,D106>=TIME(17,0,0),OR(K106="12H Night",K106="Couple Half Night",K106="24H Night",K106="Couple Full Night")), AND(Q106=7,D106>=TIME(6,0,0),D106<TIME(12,0,0),OR(K106="12H Day",K106="Couple Half Day",K106="24H Day",K106="Couple Full Day")) ),1,0) -> 0 | O106: =IF(OR( AND(MONTH(C106)=12,DAY(C106)>=26), AND(MONTH(C106)=4,DAY(C106)>=15), MONTH(C106)=5, AND(MONTH(C106)=6,DAY(C106)<=10) ),1,0) -> 1 | P106: =IF(OR(MONTH(C106)=3,MONTH(C106)=4,MONTH(C106)=5,MONTH(C106)=6), "Summer", IF(OR(MONTH(C106)=7,MONTH(C106)=8,MONTH(C106)=9,MONTH(C106)=10), "Monsoon", "Winter")) -> Summer | Q106: =WEEKDAY(C106,2) -> 7 | R106: =ROUNDDOWN(((INT(C106)+MOD(D106,1))-(INT(I106)+MOD(J106,1))),0) -> 3
A107: Booked by Vadi Deep | B107: Booking confirmed ✅ 29 Apr 2024 at 7:00 PM to 30 Apr 2024 at 6:00 PM 10 Persons Rent: ₹5500 Deposit: ₹2000 ₹2000 received Deposit Refund after check out. | C107: 45411.792 | D107: 45411.792 | E107: 45412.75 | F107: 45412.75 | G107: 5500 | H107: 10 | I107: 45389 | J107: 0.48219907 | K107: =IF(L107>24, IF(H107=2,"Couple Extended Day","Extended Day"), IF(L107<=12, IF(AND(MOD(D107,1)>=TIME(6,0,0),MOD(D107,1)<TIME(18,0,0)), IF(H107=2,"Couple Half Day","12H Day"), IF(H107=2,"Couple Half Night","12H Night")), IF(L107<=24, IF(AND(MOD(D107,1)>=TIME(6,0,0),MOD(D107,1)<TIME(18,0,0)), IF(H107=2,"Couple Full Day","24H Day"), IF(H107=2,"Couple Full Night","24H Night")), "Check Data"))) -> 24H Night | L107: =((INT(E107)+MOD(F107,1))-(INT(C107)+MOD(D107,1)))*24 -> 23 | M107: =IFERROR(INDEX(Sheet3!$B$2:$B$500,MATCH(1,(INT(C107)+MOD(D107,1)<INT(Sheet3!$A$2:$A$500)+TIME(18,0,0))*(INT(E107)+MOD(F107,1)>=INT(Sheet3!$A$2:$A$500)),0)),0) -> 0 | N107: =IF(OR( AND(Q107=6,D107>=TIME(17,0,0),OR(K107="12H Night",K107="Couple Half Night",K107="24H Night",K107="Couple Full Night")), AND(Q107=7,D107>=TIME(6,0,0),D107<TIME(12,0,0),OR(K107="12H Day",K107="Couple Half Day",K107="24H Day",K107="Couple Full Day")) ),1,0) -> 0 | O107: =IF(OR( AND(MONTH(C107)=12,DAY(C107)>=26), AND(MONTH(C107)=4,DAY(C107)>=15), MONTH(C107)=5, AND(MONTH(C107)=6,DAY(C107)<=10) ),1,0) -> 1 | P107: =IF(OR(MONTH(C107)=3,MONTH(C107)=4,MONTH(C107)=5,MONTH(C107)=6), "Summer", IF(OR(MONTH(C107)=7,MONTH(C107)=8,MONTH(C107)=9,MONTH(C107)=10), "Monsoon", "Winter")) -> Summer | Q107: =WEEKDAY(C107,2) -> 1 | R107: =ROUNDDOWN(((INT(C107)+MOD(D107,1))-(INT(I107)+MOD(J107,1))),0) -> 22
... A134: Booked by Brindesh | B134: 26 May 2024 at 8:00 PM to 27 May 2024 at 7:30 AM 8 Persons Rent: ₹4000 Deposit: ₹2000 ₹4000 received Deposit Refund after check out. | C134: 45438.833 | D134: 0 | E134: 45439.312 | F134: 45439.312 | G134: 4000 | H134: 8 | I134: 45435 | J134: 0.85225694 | K134: =IF(L134>24, IF(H134=2,"Couple Extended Day","Extended Day"), IF(L134<=12, IF(AND(MOD(D134,1)>=TIME(6,0,0),MOD(D134,1)<TIME(18,0,0)), IF(H134=2,"Couple Half Day","12H Day"), IF(H134=2,"Couple Half Night","12H Night")), IF(L134<=24, IF(AND(MOD(D134,1)>=TIME(6,0,0),MOD(D134,1)<TIME(18,0,0)), IF(H134=2,"Couple Full Day","24H Day"), IF(H134=2,"Couple Full Night","24H Night")), "Check Data"))) -> Extended Day | L134: =((INT(E134)+MOD(F134,1))-(INT(C134)+MOD(D134,1)))*24 -> 31.5 | M134: =IFERROR(INDEX(Sheet3!$B$2:$B$500,MATCH(1,(INT(C134)+MOD(D134,1)<INT(Sheet3!$A$2:$A$500)+TIME(18,0,0))*(INT(E134)+MOD(F134,1)>=INT(Sheet3!$A$2:$A$500)),0)),0) -> 0 | N134: =IF(OR( AND(Q134=6,D134>=TIME(17,0,0),OR(K134="12H Night",K134="Couple Half Night",K134="24H Night",K134="Couple Full Night")), AND(Q134=7,D134>=TIME(6,0,0),D134<TIME(12,0,0),OR(K134="12H Day",K134="Couple Half Day",K134="24H Day",K134="Couple Full Day")) ),1,0) -> 0 | O134: =IF(OR( AND(MONTH(C134)=12,DAY(C134)>=26), AND(MONTH(C134)=4,DAY(C134)>=15), MONTH(C134)=5, AND(MONTH(C134)=6,DAY(C134)<=10) ),1,0) -> 1 | P134: =IF(OR(MONTH(C134)=3,MONTH(C134)=4,MONTH(C134)=5,MONTH(C134)=6), "Summer", IF(OR(MONTH(C134)=7,MONTH(C134)=8,MONTH(C134)=9,MONTH(C134)=10), "Monsoon", "Winter")) -> Summer | Q134: =WEEKDAY(C134,2) -> 7 | R134: =ROUNDDOWN(((INT(C134)+MOD(D134,1))-(INT(I134)+MOD(J134,1))),0) -> 2
A135: Masi na reference ma apyu | B135: Rent: ₹3000 | C135: 45439.375 | D135: 45439.375 | E135: 45439.75 | F135: 45439.75 | G135: 3000 | I135: 45439 | J135: 0.47403935 | K135: =IF(L135>24, IF(H135=2,"Couple Extended Day","Extended Day"), IF(L135<=12, IF(AND(MOD(D135,1)>=TIME(6,0,0),MOD(D135,1)<TIME(18,0,0)), IF(H135=2,"Couple Half Day","12H Day"), IF(H135=2,"Couple Half Night","12H Night")), IF(L135<=24, IF(AND(MOD(D135,1)>=TIME(6,0,0),MOD(D135,1)<TIME(18,0,0)), IF(H135=2,"Couple Full Day","24H Day"), IF(H135=2,"Couple Full Night","24H Night")), "Check Data"))) -> 12H Day | L135: =((INT(E135)+MOD(F135,1))-(INT(C135)+MOD(D135,1)))*24 -> 9 | M135: =IFERROR(INDEX(Sheet3!$B$2:$B$500,MATCH(1,(INT(C135)+MOD(D135,1)<INT(Sheet3!$A$2:$A$500)+TIME(18,0,0))*(INT(E135)+MOD(F135,1)>=INT(Sheet3!$A$2:$A$500)),0)),0) -> 0 | N135: =IF(OR( AND(Q135=6,D135>=TIME(17,0,0),OR(K135="12H Night",K135="Couple Half Night",K135="24H Night",K135="Couple Full Night")), AND(Q135=7,D135>=TIME(6,0,0),D135<TIME(12,0,0),OR(K135="12H Day",K135="Couple Half Day",K135="24H Day",K135="Couple Full Day")) ),1,0) -> 0 | O135: =IF(OR( AND(MONTH(C135)=12,DAY(C135)>=26), AND(MONTH(C135)=4,DAY(C135)>=15), MONTH(C135)=5, AND(MONTH(C135)=6,DAY(C135)<=10) ),1,0) -> 1 | P135: =IF(OR(MONTH(C135)=3,MONTH(C135)=4,MONTH(C135)=5,MONTH(C135)=6), "Summer", IF(OR(MONTH(C135)=7,MONTH(C135)=8,MONTH(C135)=9,MONTH(C135)=10), "Monsoon", "Winter")) -> Summer | Q135: =WEEKDAY(C135,2) -> 1 | R135: =ROUNDDOWN(((INT(C135)+MOD(D135,1))-(INT(I135)+MOD(J135,1))),0) -> 0
A136: Booked by Kishan | B136: 27 May 2024 at 7:00 PM to 28 May 2024 at 6:00 PM 15 Persons Rent: ₹5500 Deposit: ₹2000 ₹2000 received Deposit Refund after check out. | C136: 45439.792 | D136: 45439.792 | E136: 45440.75 | F136: 45440.75 | G136: 5500 | H136: 15 | I136: 45439 | J136: 0.4653125 | K136: =IF(L136>24, IF(H136=2,"Couple Extended Day","Extended Day"), IF(L136<=12, IF(AND(MOD(D136,1)>=TIME(6,0,0),MOD(D136,1)<TIME(18,0,0)), IF(H136=2,"Couple Half Day","12H Day"), IF(H136=2,"Couple Half Night","12H Night")), IF(L136<=24, IF(AND(MOD(D136,1)>=TIME(6,0,0),MOD(D136,1)<TIME(18,0,0)), IF(H136=2,"Couple Full Day","24H Day"), IF(H136=2,"Couple Full Night","24H Night")), "Check Data"))) -> 24H Night | L136: =((INT(E136)+MOD(F136,1))-(INT(C136)+MOD(D136,1)))*24 -> 23 | M136: =IFERROR(INDEX(Sheet3!$B$2:$B$500,MATCH(1,(INT(C136)+MOD(D136,1)<INT(Sheet3!$A$2:$A$500)+TIME(18,0,0))*(INT(E136)+MOD(F136,1)>=INT(Sheet3!$A$2:$A$500)),0)),0) -> 0 | N136: =IF(OR( AND(Q136=6,D136>=TIME(17,0,0),OR(K136="12H Night",K136="Couple Half Night",K136="24H Night",K136="Couple Full Night")), AND(Q136=7,D136>=TIME(6,0,0),D136<TIME(12,0,0),OR(K136="12H Day",K136="Couple Half Day",K136="24H Day",K136="Couple Full Day")) ),1,0) -> 0 | O136: =IF(OR( AND(MONTH(C136)=12,DAY(C136)>=26), AND(MONTH(C136)=4,DAY(C136)>=15), MONTH(C136)=5, AND(MONTH(C136)=6,DAY(C136)<=10) ),1,0) -> 1 | P136: =IF(OR(MONTH(C136)=3,MONTH(C136)=4,MONTH(C136)=5,MONTH(C136)=6), "Summer", IF(OR(MONTH(C136)=7,MONTH(C136)=8,MONTH(C136)=9,MONTH(C136)=10), "Monsoon", "Winter")) -> Summer | Q136: =WEEKDAY(C136,2) -> 1 | R136: =ROUNDDOWN(((INT(C136)+MOD(D136,1))-(INT(I136)+MOD(J136,1))),0) -> 0
A137: Booked by Piyush | B137: 28 May 2024 at 7:00 PM to 29 May 2024 at 6:00 PM 10 Persons max Rent: ₹5000 Deposit: ₹2000 ₹2000 received Deposit Refund after check out. | C137: 45440.792 | D137: 45440.792 | E137: 45441.75 | F137: 45441.75 | G137: 5000 | H137: 10 | I137: 45439 | J137: 0.46424769 | K137: =IF(L137>24, IF(H137=2,"Couple Extended Day","Extended Day"), IF(L137<=12, IF(AND(MOD(D137,1)>=TIME(6,0,0),MOD(D137,1)<TIME(18,0,0)), IF(H137=2,"Couple Half Day","12H Day"), IF(H137=2,"Couple Half Night","12H Night")), IF(L137<=24, IF(AND(MOD(D137,1)>=TIME(6,0,0),MOD(D137,1)<TIME(18,0,0)), IF(H137=2,"Couple Full Day","24H Day"), IF(H137=2,"Couple Full Night","24H Night")), "Check Data"))) -> 24H Night | L137: =((INT(E137)+MOD(F137,1))-(INT(C137)+MOD(D137,1)))*24 -> 23 | M137: =IFERROR(INDEX(Sheet3!$B$2:$B$500,MATCH(1,(INT(C137)+MOD(D137,1)<INT(Sheet3!$A$2:$A$500)+TIME(18,0,0))*(INT(E137)+MOD(F137,1)>=INT(Sheet3!$A$2:$A$500)),0)),0) -> 0 | N137: =IF(OR( AND(Q137=6,D137>=TIME(17,0,0),OR(K137="12H Night",K137="Couple Half Night",K137="24H Night",K137="Couple Full Night")), AND(Q137=7,D137>=TIME(6,0,0),D137<TIME(12,0,0),OR(K137="12H Day",K137="Couple Half Day",K137="24H Day",K137="Couple Full Day")) ),1,0) -> 0 | O137: =IF(OR( AND(MONTH(C137)=12,DAY(C137)>=26), AND(MONTH(C137)=4,DAY(C137)>=15), MONTH(C137)=5, AND(MONTH(C137)=6,DAY(C137)<=10) ),1,0) -> 1 | P137: =IF(OR(MONTH(C137)=3,MONTH(C137)=4,MONTH(C137)=5,MONTH(C137)=6), "Summer", IF(OR(MONTH(C137)=7,MONTH(C137)=8,MONTH(C137)=9,MONTH(C137)=10), "Monsoon", "Winter")) -> Summer | Q137: =WEEKDAY(C137,2) -> 2 | R137: =ROUNDDOWN(((INT(C137)+MOD(D137,1))-(INT(I137)+MOD(J137,1))),0) -> 1
A138: Booked by Drupal | B138: 29 May 2024 at 7:00 PM to 30 May 2024 at 6:00 PM 4 Persons Rent: ₹6000 Deposit: ₹2000 ₹2000 received Deposit Refund after check out. | C138: 45441.792 | D138: 45441.792 | E138: 45442.75 | F138: 45442.75 | G138: 6000 | H138: 4 | I138: 45435 | J138: 0.55061343 | K138: =IF(L138>24, IF(H138=2,"Couple Extended Day","Extended Day"), IF(L138<=12, IF(AND(MOD(D138,1)>=TIME(6,0,0),MOD(D138,1)<TIME(18,0,0)), IF(H138=2,"Couple Half Day","12H Day"), IF(H138=2,"Couple Half Night","12H Night")), IF(L138<=24, IF(AND(MOD(D138,1)>=TIME(6,0,0),MOD(D138,1)<TIME(18,0,0)), IF(H138=2,"Couple Full Day","24H Day"), IF(H138=2,"Couple Full Night","24H Night")), "Check Data"))) -> 24H Night | L138: =((INT(E138)+MOD(F138,1))-(INT(C138)+MOD(D138,1)))*24 -> 23 | M138: =IFERROR(INDEX(Sheet3!$B$2:$B$500,MATCH(1,(INT(C138)+MOD(D138,1)<INT(Sheet3!$A$2:$A$500)+TIME(18,0,0))*(INT(E138)+MOD(F138,1)>=INT(Sheet3!$A$2:$A$500)),0)),0) -> 0 | N138: =IF(OR( AND(Q138=6,D138>=TIME(17,0,0),OR(K138="12H Night",K138="Couple Half Night",K138="24H Night",K138="Couple Full Night")), AND(Q138=7,D138>=TIME(6,0,0),D138<TIME(12,0,0),OR(K138="12H Day",K138="Couple Half Day",K138="24H Day",K138="Couple Full Day")) ),1,0) -> 0 | O138: =IF(OR( AND(MONTH(C138)=12,DAY(C138)>=26), AND(MONTH(C138)=4,DAY(C138)>=15), MONTH(C138)=5, AND(MONTH(C138)=6,DAY(C138)<=10) ),1,0) -> 1 | P138: =IF(OR(MONTH(C138)=3,MONTH(C138)=4,MONTH(C138)=5,MONTH(C138)=6), "Summer", IF(OR(MONTH(C138)=7,MONTH(C138)=8,MONTH(C138)=9,MONTH(C138)=10), "Monsoon", "Winter")) -> Summer | Q138: =WEEKDAY(C138,2) -> 3 | R138: =ROUNDDOWN(((INT(C138)+MOD(D138,1))-(INT(I138)+MOD(J138,1))),0) -> 6
A139: Booked by Shiv | B139: 30 May 2024 at 7:00 PM to 31 May 2024 at 6:00 PM 18 Persons Rent: ₹6000 Deposit: ₹2000 ₹2000 received Deposit Refund after check out. | C139: 45442.792 | D139: 45442.792 | E139: 45443.75 | F139: 45443.75 | G139: 6000 | H139: 18 | I139: 45439 | J139: 0.79144676 | K139: =IF(L139>24, IF(H139=2,"Couple Extended Day","Extended Day"), IF(L139<=12, IF(AND(MOD(D139,1)>=TIME(6,0,0),MOD(D139,1)<TIME(18,0,0)), IF(H139=2,"Couple Half Day","12H Day"), IF(H139=2,"Couple Half Night","12H Night")), IF(L139<=24, IF(AND(MOD(D139,1)>=TIME(6,0,0),MOD(D139,1)<TIME(18,0,0)), IF(H139=2,"Couple Full Day","24H Day"), IF(H139=2,"Couple Full Night","24H Night")), "Check Data"))) -> 24H Night | L139: =((INT(E139)+MOD(F139,1))-(INT(C139)+MOD(D139,1)))*24 -> 23 | M139: =IFERROR(INDEX(Sheet3!$B$2:$B$500,MATCH(1,(INT(C139)+MOD(D139,1)<INT(Sheet3!$A$2:$A$500)+TIME(18,0,0))*(INT(E139)+MOD(F139,1)>=INT(Sheet3!$A$2:$A$500)),0)),0) -> 0 | N139: =IF(OR( AND(Q139=6,D139>=TIME(17,0,0),OR(K139="12H Night",K139="Couple Half Night",K139="24H Night",K139="Couple Full Night")), AND(Q139=7,D139>=TIME(6,0,0),D139<TIME(12,0,0),OR(K139="12H Day",K139="Couple Half Day",K139="24H Day",K139="Couple Full Day")) ),1,0) -> 0 | O139: =IF(OR( AND(MONTH(C139)=12,DAY(C139)>=26), AND(MONTH(C139)=4,DAY(C139)>=15), MONTH(C139)=5, AND(MONTH(C139)=6,DAY(C139)<=10) ),1,0) -> 1 | P139: =IF(OR(MONTH(C139)=3,MONTH(C139)=4,MONTH(C139)=5,MONTH(C139)=6), "Summer", IF(OR(MONTH(C139)=7,MONTH(C139)=8,MONTH(C139)=9,MONTH(C139)=10), "Monsoon", "Winter")) -> Summer | Q139: =WEEKDAY(C139,2) -> 4 | R139: =ROUNDDOWN(((INT(C139)+MOD(D139,1))-(INT(I139)+MOD(J139,1))),0) -> 3
A140: Booked by Jagdish | B140: 31 May 2024 at 7:00 PM to 1 Jun 2024 at 6:00 PM 15 Persons Rent: ₹6000 Deposit: ₹2000 ₹2000 received Deposit Refund after check out. | C140: 45443.792 | D140: 45443.792 | E140: 45444.75 | F140: 45444.75 | G140: 6000 | H140: 15 | I140: 45442 | J140: 0.76885417 | K140: =IF(L140>24, IF(H140=2,"Couple Extended Day","Extended Day"), IF(L140<=12, IF(AND(MOD(D140,1)>=TIME(6,0,0),MOD(D140,1)<TIME(18,0,0)), IF(H140=2,"Couple Half Day","12H Day"), IF(H140=2,"Couple Half Night","12H Night")), IF(L140<=24, IF(AND(MOD(D140,1)>=TIME(6,0,0),MOD(D140,1)<TIME(18,0,0)), IF(H140=2,"Couple Full Day","24H Day"), IF(H140=2,"Couple Full Night","24H Night")), "Check Data"))) -> 24H Night | L140: =((INT(E140)+MOD(F140,1))-(INT(C140)+MOD(D140,1)))*24 -> 23 | M140: =IFERROR(INDEX(Sheet3!$B$2:$B$500,MATCH(1,(INT(C140)+MOD(D140,1)<INT(Sheet3!$A$2:$A$500)+TIME(18,0,0))*(INT(E140)+MOD(F140,1)>=INT(Sheet3!$A$2:$A$500)),0)),0) -> 0 | N140: =IF(OR( AND(Q140=6,D140>=TIME(17,0,0),OR(K140="12H Night",K140="Couple Half Night",K140="24H Night",K140="Couple Full Night")), AND(Q140=7,D140>=TIME(6,0,0),D140<TIME(12,0,0),OR(K140="12H Day",K140="Couple Half Day",K140="24H Day",K140="Couple Full Day")) ),1,0) -> 0 | O140: =IF(OR( AND(MONTH(C140)=12,DAY(C140)>=26), AND(MONTH(C140)=4,DAY(C140)>=15), MONTH(C140)=5, AND(MONTH(C140)=6,DAY(C140)<=10) ),1,0) -> 1 | P140: =IF(OR(MONTH(C140)=3,MONTH(C140)=4,MONTH(C140)=5,MONTH(C140)=6), "Summer", IF(OR(MONTH(C140)=7,MONTH(C140)=8,MONTH(C140)=9,MONTH(C140)=10), "Monsoon", "Winter")) -> Summer | Q140: =WEEKDAY(C140,2) -> 5 | R140: =ROUNDDOWN(((INT(C140)+MOD(D140,1))-(INT(I140)+MOD(J140,1))),0) -> 1
A141: Booked by Agent Shyam | B141: 1 Jun 2024 at 7:00 PM to 2 Jun 2024 at 6:00 PM 12 Persons Rent: ₹12000 Deposit: ₹2000 Deposit Refund after check out. | C141: 45444.792 | D141: 45444.792 | E141: 45445.75 | F141: 45445.75 | G141: 12000 | H141: 12 | I141: 45443 | J141: 0.53945602 | K141: =IF(L141>24, IF(H141=2,"Couple Extended Day","Extended Day"), IF(L141<=12, IF(AND(MOD(D141,1)>=TIME(6,0,0),MOD(D141,1)<TIME(18,0,0)), IF(H141=2,"Couple Half Day","12H Day"), IF(H141=2,"Couple Half Night","12H Night")), IF(L141<=24, IF(AND(MOD(D141,1)>=TIME(6,0,0),MOD(D141,1)<TIME(18,0,0)), IF(H141=2,"Couple Full Day","24H Day"), IF(H141=2,"Couple Full Night","24H Night")), "Check Data"))) -> 24H Night | L141: =((INT(E141)+MOD(F141,1))-(INT(C141)+MOD(D141,1)))*24 -> 23 | M141: =IFERROR(INDEX(Sheet3!$B$2:$B$500,MATCH(1,(INT(C141)+MOD(D141,1)<INT(Sheet3!$A$2:$A$500)+TIME(18,0,0))*(INT(E141)+MOD(F141,1)>=INT(Sheet3!$A$2:$A$500)),0)),0) -> 0 | N141: =IF(OR( AND(Q141=6,D141>=TIME(17,0,0),OR(K141="12H Night",K141="Couple Half Night",K141="24H Night",K141="Couple Full Night")), AND(Q141=7,D141>=TIME(6,0,0),D141<TIME(12,0,0),OR(K141="12H Day",K141="Couple Half Day",K141="24H Day",K141="Couple Full Day")) ),1,0) -> 1 | O141: =IF(OR( AND(MONTH(C141)=12,DAY(C141)>=26), AND(MONTH(C141)=4,DAY(C141)>=15), MONTH(C141)=5, AND(MONTH(C141)=6,DAY(C141)<=10) ),1,0) -> 1 | P141: =IF(OR(MONTH(C141)=3,MONTH(C141)=4,MONTH(C141)=5,MONTH(C141)=6), "Summer", IF(OR(MONTH(C141)=7,MONTH(C141)=8,MONTH(C141)=9,MONTH(C141)=10), "Monsoon", "Winter")) -> Summer | Q141: =WEEKDAY(C141,2) -> 6 | R141: =ROUNDDOWN(((INT(C141)+MOD(D141,1))-(INT(I141)+MOD(J141,1))),0) -> 1
...

Sheet Sheet3
A1: Date | B1: Festival
A2: 44927 | B2: New Year
A3: 44940 | B3: Makar Sankranti
A4: 44941 | B4: Vasi Uttarayan
A5: 44952 | B5: Republic Day
A6: 44975 | B6: Maha Shivratri
A7: 44993 | B7: Holi
A8: 44994 | B8: Dhuleti
A9: 45015 | B9: Ram Navami
A10: 45020 | B10: Mahavir Jayanti
A11: 45023 | B11: Good Friday
A12: 45038 | B12: Eid-ul-Fitr
A13: 45051 | B13: Buddha Purnima
... A80: 46387 | B80: New Year's Eve

Sheet Sheet4
A1: festival_name | B1: festival_date | C1: window_start | D1: window_end | E1: demand_level | F1: festival_tier | G1: category | H1: dynamic_multiplier
A2: English New Year | B2: 2027-01-01 | C2: 2026-12-31 17:00:00 | D2: 2027-01-01 23:59:59 | E2: Very High | F2: Tier-1 | G2: Public | H2: 1.4
A3: Lohri | B3: 2027-01-14 | C3: 2027-01-13 17:00:00 | D3: 2027-01-14 23:59:59 | E3: Medium | F3: Tier-2 | G3: Harvest | H3: 1.15
A4: Makara Sankranti | B4: 2027-01-15 | C4: 2027-01-14 17:00:00 | D4: 2027-01-16 17:00:00 | E4: Very High | F4: Tier-1 | G4: Harvest | H4: 1.3
A5: Republic Day | B5: 2027-01-26 | C5: 2027-01-25 17:00:00 | D5: 2027-01-26 23:59:59 | E5: Medium | F5: Tier-2 | G5: National | H5: 1.1
A6: Vasant Panchami | B6: 2027-02-11 | C6: 2027-02-10 17:00:00 | D6: 2027-02-11 23:59:59 | E6: Medium | F6: Tier-3 | G6: Religious | H6: 1.1
A7: Maha Shivaratri | B7: 2027-03-06 | C7: 2027-03-05 17:00:00 | D7: 2027-03-07 12:00:00 | E7: High | F7: Tier-1 | G7: Religious | H7: 1.25
A8: Holi | B8: 2027-03-22 | C8: 2027-03-21 17:00:00 | D8: 2027-03-23 17:00:00 | E8: Very High | F8: Tier-1 | G8: Festival | H8: 1.35
A9: Good Friday | B9: 2027-03-26 | C9: 2027-03-25 17:00:00 | D9: 2027-03-26 23:59:59 | E9: Medium | F9: Tier-3 | G9: Christian | H9: 1.1
A10: Ugadi | B10: 2027-04-07 | C10: 2027-04-06 17:00:00 | D10: 2027-04-07 23:59:59 | E10: Medium | F10: Tier-2 | G10: New Year | H10: 1.15
A11: Baisakhi | B11: 2027-04-14 | C11: 2027-04-13 17:00:00 | D11: 2027-04-14 23:59:59 | E11: Medium | F11: Tier-2 | G11: Harvest | H11: 1.15
A12: Rama Navami | B12: 2027-04-15 | C12: 2027-04-14 17:00:00 | D12: 2027-04-15 23:59:59 | E12: High | F12: Tier-2 | G12: Religious | H12: 1.2
A13: Mahavir Jayanti | B13: 2027-04-19 | C13: 2027-04-18 17:00:00 | D13: 2027-04-19 23:59:59 | E13: Medium | F13: Tier-3 | G13: Jain | H13: 1.1
... A32: Christmas | B32: 2027-12-25 | C32: 2027-12-24 17:00:00 | D32: 2027-12-26 17:00:00 | E32: Very High | F32: Tier-1 | G32: Christian | H32: 1.35
